sample_id,Hot_score,Cold_score,hot_genes_used,cold_genes_used,case_id,sample_type,project,file_uuid
TCGA-A8-A09E-01A,-0.36469147218751036,-0.742132361531365,15,12,dfefb76a-ec6b-4cd2-9d45-2e1e4befc7ea,Primary Tumor,TCGA-BRCA,ead53b27-6ad9-4b96-b5d4-0d4f06fb2d13
TCGA-A7-A0DC-01A,-2.4179175015993195,-1.5680423193508666,15,12,cb9f5e50-f49d-4899-8895-9367afcc1015,Primary Tumor,TCGA-BRCA,0e1999e0-9c02-4804-88b6-60b46d100739
TCGA-A7-A0DC-01B,-2.7717443728160234,-1.4928592003549523,15,12,cb9f5e50-f49d-4899-8895-9367afcc1015,Primary Tumor,TCGA-BRCA,3e8cff80-ed17-479c-8327-ca8e71ee7482
TCGA-A8-A08F-01A,0.5528259191024884,0.3728115049525515,15,12,0a017f15-1c6b-45e7-8d55-e0a71df1b2e8,Primary Tumor,TCGA-BRCA,385ddd6f-c126-4c4f-acde-1ef2d74d3639
TCGA-A8-A091-01A,-0.374242405176591,0.4875988245922405,15,12,f39edd06-1016-4e8e-a42e-12f7e699ddc5,Primary Tumor,TCGA-BRCA,91060c43-f1e3-49ea-a3c9-96def417716b
TCGA-AO-A0JI-01A,-0.7473698192699012,-1.190002054160541,15,12,e17c565c-9857-4df3-a352-903b53093c85,Primary Tumor,TCGA-BRCA,e12f17ae-dc1f-4e91-93bd-b827ad276dde
TCGA-A2-A0D4-01A,-0.8059837641900036,-0.20261655288524758,15,12,75113445-d2d6-44a0-866c-c9175e6d214b,Primary Tumor,TCGA-BRCA,7ba3b335-cd4c-4b44-a4da-44fa1109a6f0
TCGA-AC-A62V-01A,-1.1727827020763506,-0.4170651160597074,15,12,d5f2b85a-94a9-4168-bbe8-149ec71342b0,Primary Tumor,TCGA-BRCA,db5aadbb-3042-4c20-8235-ccd19634d9d3
TCGA-D8-A1XB-01A,-0.9447963407017789,-0.08262168329273005,15,12,d2694b09-7844-4496-865c-5d3d8cd03330,Primary Tumor,TCGA-BRCA,176e739b-87e2-49b7-80e1-c27a6a632576
TCGA-OL-A6VQ-01A,-1.18860306140573,-0.9233362008410838,15,12,34126cd5-cc38-4198-8582-c14fb5db7acb,Primary Tumor,TCGA-BRCA,2c74854f-4afe-48c3-9c81-d64634c14677
TCGA-B6-A0WV-01A,-1.4292605997120555,-1.1247033699841698,15,12,7588a286-6935-424a-bc5f-92e24c83eb37,Primary Tumor,TCGA-BRCA,cd47d9e9-8072-4681-93ac-6c1420f6624c
TCGA-LL-A442-01A,-0.671297059097135,0.042702292590398705,15,12,3f56d67f-5a9c-4353-9408-e7f60eb6477b,Primary Tumor,TCGA-BRCA,2291d3f5-8269-4f31-adad-4b873c7ac770
TCGA-E9-A22G-01A,0.3467576629147497,-0.5560398294306909,15,12,56033839-35d5-4d72-8b8c-400cb345263d,Primary Tumor,TCGA-BRCA,51aab02d-11b1-4ef3-a8f3-8146b6c24aad
TCGA-PE-A5DC-01A,-0.23258645902602731,-0.683944547748169,15,12,76099beb-0abe-4b56-8b4e-e4485e0402e6,Primary Tumor,TCGA-BRCA,25294e7a-1f15-411c-a2fd-93097e387db2
TCGA-A2-A0EP-01A,1.0296633511911562,1.5443480506996548,15,12,670f5022-5066-48f1-8472-5670129a1e0f,Primary Tumor,TCGA-BRCA,28aa7b6c-d5ec-4aa1-9c39-70d571efe6fb
TCGA-AN-A0AK-01A,-0.41189480952919444,-0.6436825335084758,15,12,9e894662-b718-40f8-8899-b5e036cfbd76,Primary Tumor,TCGA-BRCA,d2007230-83cb-4f12-bec5-e42afc4a58cd
TCGA-BH-A28Q-01A,-0.18306838193577937,0.342690786832609,15,12,32861b48-83f5-43a3-bb54-45215ad2c5d6,Primary Tumor,TCGA-BRCA,7afb1455-c2b6-4ae2-95ec-682ae7df34a2
TCGA-A2-A259-01A,0.05565501872077412,0.6115012085854521,15,12,3fc3755d-a3f8-4e2c-813f-ff124f2a75c1,Primary Tumor,TCGA-BRCA,69f5df3f-273f-4e02-934b-af9c9ec52067
TCGA-AC-A2FF-01A,0.40966117885626024,0.7610258216428284,15,12,3ca67cd0-81da-4f68-a9fa-f1a8c013c28d,Primary Tumor,TCGA-BRCA,05aa6d12-6d48-4ecb-8211-036e647ef72e
TCGA-AC-A2FG-01A,-0.3605353039029467,0.14003141210663875,15,12,39cda4c9-e1c8-44c2-bab7-f5849c12f879,Primary Tumor,TCGA-BRCA,6c3f2469-50ea-48a7-bb17-043e74e54535
TCGA-BH-A0B0-01A,0.9400374944051824,0.49855986547359415,15,12,66af34ea-f471-4092-aff6-9ac9a5b75b11,Primary Tumor,TCGA-BRCA,88a16056-cc45-4fee-99e0-f7fc7e1971df
TCGA-AO-A0JD-01A,0.16343979042174117,-0.3831934997798423,15,12,0a229f95-0ea1-4d63-953e-74f5ec2f3028,Primary Tumor,TCGA-BRCA,16ffdede-3d07-431a-a4ed-318c7a66c096
TCGA-AO-A128-01A,2.509047106753405,0.9792552635422713,15,12,016caf42-4e19-4444-ab5d-6cf1e76c4afa,Primary Tumor,TCGA-BRCA,e173c170-b7c6-4aa9-9f34-33cd02702d75
TCGA-BH-A1FE-01A,1.0296340447700816,0.9656230170231211,15,12,4aa68586-6331-4795-b40c-859386640df6,Primary Tumor,TCGA-BRCA,195c9f03-31c3-465a-ac58-3949246b173b
TCGA-BH-A0BM-01A,-0.7591098530809003,-0.9925636351063772,15,12,c2aeee6c-ba10-4cf9-b560-c739580f7bf3,Primary Tumor,TCGA-BRCA,9a6563cf-557b-4f26-b6a2-6c6f1eb03654
TCGA-AN-A0FZ-01A,-1.014829906326664,0.23462289592766472,15,12,8240c4ae-f878-4882-aa07-7857c7ac52cf,Primary Tumor,TCGA-BRCA,c5e46ae9-c4c1-4afd-a772-392ede15808d
TCGA-A8-A07F-01A,0.17339919491028455,0.4843808819892866,15,12,5d688049-f271-40ef-813a-d37240ffe21c,Primary Tumor,TCGA-BRCA,fc0e74d2-ab94-48b1-8e31-808bde7a3fe6
TCGA-A2-A0EO-01A,0.13331294603417143,0.43084301081020254,15,12,bf88ddf5-a6d4-498c-bf7f-db9bfabff72d,Primary Tumor,TCGA-BRCA,31e1dbf5-8c97-4e4d-a488-d6737ab304c2
TCGA-A1-A0SP-01A,-0.02023312636651407,-0.21492305744401993,15,12,a9bb8159-32f0-454c-a946-b3286a52b9d5,Primary Tumor,TCGA-BRCA,222b562a-3ef7-4e69-a60d-54aac5104102
TCGA-A2-A3XT-01A,0.9823798377074073,0.48514352746023226,15,12,c72cb184-462d-4009-9cdb-848782ff8a76,Primary Tumor,TCGA-BRCA,0c068d5a-ccad-47a5-bfe0-0dc5f136d6aa
TCGA-BH-A5J0-01A,0.7130878507737378,0.18562381382036794,15,12,db55d9d9-dd56-4ca9-b1f1-0d929697b280,Primary Tumor,TCGA-BRCA,d5358d17-4c49-46fa-8a96-4af9ab298ab4
TCGA-A8-A08I-01A,2.409864331841303,0.49960127472559307,15,12,7acf33e7-c386-45fd-8c9a-469600378687,Primary Tumor,TCGA-BRCA,20e90b8d-aa05-4918-8e54-1b969488148f
TCGA-A7-A26F-01A,0.18576852015937598,0.6310750520198266,15,12,3b7b9c1e-a84c-47ed-983c-9e4b00cbf01a,Primary Tumor,TCGA-BRCA,3c70b5af-2238-4fbe-991b-dc68975cc7f1
TCGA-AR-A255-01A,0.6197953828003001,0.6227591515899474,15,12,e8f3cc64-5e15-4f4d-b73e-5c9b250a664c,Primary Tumor,TCGA-BRCA,be65c37e-7aa8-466d-a1fe-102e8e25e2e9
TCGA-AO-A0J8-01A,0.6329613218400418,0.5922526472985112,15,12,02bf5203-f9cd-4c5a-97b4-e5584dc22325,Primary Tumor,TCGA-BRCA,051a1102-a815-4b39-b903-80d8b4a2348f
TCGA-C8-A278-01A,1.01466376261762,0.7779626918278958,15,12,65077db7-dd59-4362-9d28-d5a9154e9be0,Primary Tumor,TCGA-BRCA,5711aa8f-5cd6-41d0-b469-40f049556693
TCGA-AC-A3W7-01A,-0.24234281582579484,0.38248515666073085,15,12,2481a671-760b-428c-968d-42e25fd42ac5,Primary Tumor,TCGA-BRCA,be10214b-9a03-4556-b28b-5775028c782b
TCGA-B6-A0IE-01A,-0.6685420752794327,-0.6412959217217852,15,12,3f834fa7-6d7b-4b85-98c0-5c55d55b6c95,Primary Tumor,TCGA-BRCA,70ea9273-29f3-425a-ba66-5b75db62c9b7
TCGA-UL-AAZ6-01A,0.040994670940558905,-0.7095025598771242,15,12,4b54e06e-a280-4981-a4e1-9aea154341b4,Primary Tumor,TCGA-BRCA,06fc39a9-8059-4ac7-9b2b-64f6c7d3b8a1
TCGA-A2-A0CL-01A,1.5362191055788983,0.9754470270979829,15,12,5c8983f2-9788-4dfa-971c-3ec457b6166e,Primary Tumor,TCGA-BRCA,4c8d0d1a-dbd3-4124-8458-dfb61f61f11c
TCGA-BH-A6R8-01A,0.8643069772189541,-0.07050657109560303,15,12,91b09291-5944-4691-a0d8-7d1ccc649b9b,Primary Tumor,TCGA-BRCA,b26b27b0-5209-483c-a359-9a5d3ae920e9
TCGA-AC-A23E-01A,-0.5919734896855466,0.9755504379648977,15,12,e7bae6e7-f779-449d-92b9-66996041e00d,Primary Tumor,TCGA-BRCA,73ac99d6-d01b-45d9-8df2-205610109911
TCGA-AC-A3HN-01A,0.7087503512326859,1.2433243252357693,15,12,e37ae674-a107-4eb3-94d8-b86b0035a9f7,Primary Tumor,TCGA-BRCA,2e6baa15-85d7-43b0-8a89-a0dc169ae16a
TCGA-E2-A108-01A,1.3907747166274074,0.906031744854507,15,12,4f04bd10-9902-4a23-b15d-4f4409d79499,Primary Tumor,TCGA-BRCA,7b9b6f5f-bd99-421a-a22c-d3fbe110ee73
TCGA-3C-AALK-01A,-0.36770279819729706,0.14343401867160402,15,12,c31900a4-5dcd-4022-97ac-638e86e889e4,Primary Tumor,TCGA-BRCA,7b4d770a-2b8c-4ca5-bf51-c4745c5de39a
TCGA-AO-A0J9-01A,0.39505525735055164,0.13557870895433521,15,12,a4903de8-6cf5-4541-8ec7-065beace8b44,Primary Tumor,TCGA-BRCA,537ec810-35bc-47d8-8242-72ef91cd63e0
TCGA-A7-A26G-01A,0.48190884273291196,1.1898054380257053,15,12,5ed024e8-d05e-4c65-9441-eda9930ccc82,Primary Tumor,TCGA-BRCA,cd417f4e-c065-4e73-a7c7-955b2fe71add
TCGA-E2-A1IJ-01A,0.03140956527803809,0.04663016810833439,15,12,b09643c2-ded5-4346-b3c5-90a48f88a02e,Primary Tumor,TCGA-BRCA,783b4e4f-d65d-4025-a7ce-99a7e86255e9
TCGA-BH-A0B4-01A,-0.43091656305160636,-0.19129281181655797,15,12,c710f4ab-fbd9-42ed-95d4-4e6d51207f38,Primary Tumor,TCGA-BRCA,280141da-fd54-4901-bc15-5d106c56fb23
TCGA-BH-A0B6-01A,2.2005117028579666,0.5353287092343905,15,12,fa4e082a-d213-412e-8d91-842a6f4bef12,Primary Tumor,TCGA-BRCA,81801e72-d293-42e0-8871-5468e33b6d89
TCGA-A8-A07R-01A,-0.02476645160777326,-0.6386550926147505,15,12,72e486b8-a866-4916-b2e4-8b4bb5dcd92d,Primary Tumor,TCGA-BRCA,b0e906d2-e2ae-49fa-8d7a-8a00f1d6d0a1
TCGA-E9-A54Y-01A,-1.8028494845675085,-2.7239384016578723,15,12,182c4bdf-2c58-4303-b034-459da86b9d90,Primary Tumor,TCGA-BRCA,ddd1c3de-8266-4f56-a982-bcc20b868e90
TCGA-E2-A1L6-01A,-0.25503768257211185,0.19960965502644376,15,12,2e32f31f-9817-4935-b259-96c59936ee33,Primary Tumor,TCGA-BRCA,82004d79-07d3-4a01-b266-4d36353ba561
TCGA-EW-A1J5-01A,1.333606735879137,0.7400018175668409,15,12,5d8ed961-a012-4b6b-bffb-9468d3953646,Primary Tumor,TCGA-BRCA,1cf56202-05e5-41ad-9f27-3519bee045f4
TCGA-EW-A6S9-01A,-0.4245600404356752,0.20225716844731897,15,12,9676e46b-8f29-43cd-ab65-eb6a535cced4,Primary Tumor,TCGA-BRCA,ca6e4602-bcd4-4299-bd31-37f585658b8a
TCGA-AC-A6IV-01A,0.38616893895021787,0.846379575901936,15,12,8e11c5ec-c15a-48d4-85ac-b7b08a9ed827,Primary Tumor,TCGA-BRCA,ec9fb459-42b7-47eb-8c3a-48f492a7b2dc
TCGA-E2-A1LB-01A,-1.1154137241400108,-0.28493528574940546,15,12,fa176764-a76f-44c7-b97a-cd6d21e052be,Primary Tumor,TCGA-BRCA,63454d5d-a654-4be0-b812-dd5c98d07ea1
TCGA-A8-A07J-01A,-0.23705743858030529,0.42560270587858917,15,12,316625b8-a217-4829-90d1-dfd9cb7e4bc3,Primary Tumor,TCGA-BRCA,c64a0adb-56a8-4966-9dd9-1acd789c1bb3
TCGA-EW-A6SB-01A,1.0315657215654668,-1.2923767323148685,15,12,5c59028f-b8fa-4811-8314-be3eaed5f364,Primary Tumor,TCGA-BRCA,83f2e26b-fefd-4027-ac5e-fa204ec9f084
TCGA-A8-A06X-01A,0.3510955357945836,-0.3817033896482447,15,12,70931617-b3df-4a12-8e3f-2b2307602f48,Primary Tumor,TCGA-BRCA,be4d1c31-e925-4eb0-aa96-974b6f6bcc07
TCGA-A2-A0YI-01A,0.7595670246385641,0.893042519700868,15,12,72cd1b17-d349-4551-83f7-3062ce9db865,Primary Tumor,TCGA-BRCA,6d488c27-ae90-41d4-8ddb-01a8eb731f0e
TCGA-C8-A26X-01A,1.140943270216942,0.5652732358973476,15,12,70ab4f23-23c4-409f-a5cc-18a010c3a24e,Primary Tumor,TCGA-BRCA,c782b873-2727-4fe4-9c9a-741964290349
TCGA-C8-A12T-01A,-0.18785589210273176,0.39737362333038106,15,12,71229981-97c2-4ae1-a130-fe5de336b37d,Primary Tumor,TCGA-BRCA,befa225f-9fe9-412f-a503-449874cf52d8
TCGA-D8-A1XA-01A,-0.5521770933381157,-0.43628493976989596,15,12,739cb132-51e9-41be-8064-311a13da0d74,Primary Tumor,TCGA-BRCA,26415014-f0fe-4b7c-b9dc-2a6f85d47a5e
TCGA-E2-A1IF-01A,-0.4288314051767235,-0.00024825403783708633,15,12,718db047-9f32-48c4-98c9-515218441bca,Primary Tumor,TCGA-BRCA,664d7ba8-9b87-4f17-b98d-8e07dea3c488
TCGA-AR-A24S-01A,0.2725669344156217,1.1900370606730923,15,12,074e8b06-3929-4896-9263-3b80ad6a355b,Primary Tumor,TCGA-BRCA,2abc5233-1389-4efb-ba21-de05251ab25a
TCGA-B6-A408-01A,0.7382362364126699,0.27578962947163466,15,12,9964f447-92ad-4d1e-af20-11cf84fab7b0,Primary Tumor,TCGA-BRCA,02a11397-2a9b-4dba-8c6a-6b9f0aa24372
TCGA-PL-A8LY-01A,-0.7881037464978233,-1.5024880468542714,15,12,9ba11ea8-97d3-464a-90a4-ec1151be9088,Primary Tumor,TCGA-BRCA,1a4e1855-911d-4eb4-bc77-547bc3b8e063
TCGA-A7-A0CE-01A,0.07749469984330878,-0.1957050958220176,15,12,9d95a65b-e41d-4f93-92d4-99dce29ff40d,Primary Tumor,TCGA-BRCA,04e03ae1-b2f3-446d-862d-172fea6320de
TCGA-AC-A6IX-01A,0.040142622406518204,0.4903140256658038,15,12,7486a2b3-b09f-4e9c-9864-8b51b58d9fb3,Primary Tumor,TCGA-BRCA,f43b97fd-8953-4a5e-bafb-eb572145abe3
TCGA-AR-A24W-01A,-0.747483178778439,-0.13448471978781537,15,12,67526f5a-3a30-45b2-aeab-2b21a855063e,Primary Tumor,TCGA-BRCA,452e9e11-5545-4e7a-abfb-2486e70206bd
TCGA-AN-A0FS-01A,-0.5116588812740203,0.4921062625821399,15,12,10c9be1e-2cc0-45e4-8d2c-c013ea63ef05,Primary Tumor,TCGA-BRCA,15d7e135-acb7-46ef-a8b1-f424e40a9e4d
TCGA-AR-A0TY-01A,-1.2760908899847019,-0.2509797208468775,15,12,da1c58a7-c6bd-47d9-95c2-8d2ac70e20e4,Primary Tumor,TCGA-BRCA,5a827399-307b-412b-a2ce-f6c81d2750a6
TCGA-EW-A1PG-01A,-1.0941380695038616,-0.21876521728987955,15,12,da286247-e8bb-4941-a2af-2453fe61cd02,Primary Tumor,TCGA-BRCA,cd2dcf58-da3a-4070-b42f-07d0102a342e
TCGA-A7-A3J0-01A,0.8287129663000388,-0.21347097755413766,15,12,da70cf7e-0e61-4c72-b4c5-c408569d11b8,Primary Tumor,TCGA-BRCA,0b4cae8e-1a2c-4ba9-b126-5abf35f73b36
TCGA-E2-A1BD-01A,0.06947805461233464,-0.06955896945127141,15,12,0e1d0d46-7a7b-4538-95dd-b9fc20a15aec,Primary Tumor,TCGA-BRCA,57a43ef5-102a-4cd9-833d-00a2daf4e56a
TCGA-OL-A5D8-01A,-0.12509712352274127,-0.3810143516354631,15,12,6d4860b2-21c6-4b7b-9093-2f32700d0612,Primary Tumor,TCGA-BRCA,fecd341d-a370-4092-be40-e07fc44500e5
TCGA-BH-A18Q-01A,0.7895833910281748,-0.46391021288256823,15,12,db4bc6aa-2e7d-4bcb-8519-a455f624d33b,Primary Tumor,TCGA-BRCA,c7aeba7e-b78e-4586-a4dd-8a04cc440737
TCGA-E2-A10E-01A,0.3817631115572932,0.23998965758808777,15,12,dc15a8ae-991e-421c-bc70-70e94f79dd17,Primary Tumor,TCGA-BRCA,03891509-3109-450d-8564-77b024a6128e
TCGA-A8-A08H-01A,0.16029756705519077,1.1354990759584214,15,12,db8d38ab-cc61-49ee-863d-40060112f2af,Primary Tumor,TCGA-BRCA,30ff778c-844b-4140-9025-7ab1938f10a9
TCGA-C8-A1HG-01A,0.6496842130677621,-0.8936862246412988,15,12,0c23c380-363c-474d-b64c-b47f612a8225,Primary Tumor,TCGA-BRCA,0d669e80-cb31-4afb-bd3f-07d69f10eb3f
TCGA-D8-A1JS-01A,-0.7724465068611145,-1.3232836811659796,15,12,0d03055c-186b-418a-b614-e2035757bc3b,Primary Tumor,TCGA-BRCA,20110ed9-8b45-4a62-bd13-e0281915a06b
TCGA-E2-A15G-01A,-1.0759866369897428,-0.5889474162661924,15,12,271e8024-a008-4bf0-9f6e-177f60096b1b,Primary Tumor,TCGA-BRCA,b5f2a171-35a3-4b7f-9221-199c589f3147
TCGA-BH-A0HW-01A,-1.273892264795251,-0.644638526546573,15,12,29fdc464-f216-4828-b456-829f71436e27,Primary Tumor,TCGA-BRCA,3a0c96d3-4cea-44a3-99e5-71622279700f
TCGA-A2-A25E-01A,-0.37610716739257993,0.144985101152266,15,12,ba89cb4f-cd63-47b1-9550-76fdaff89f2e,Primary Tumor,TCGA-BRCA,d721071e-6c0e-46df-9158-1fe37a64f1ed
TCGA-A8-A08C-01A,-0.458340977840029,-0.30890143903151296,15,12,78e1da41-127c-4e9c-aaaa-77a0d94c31d0,Primary Tumor,TCGA-BRCA,c4241ab5-95b7-4870-aaed-55541756c42f
TCGA-A2-A25C-01A,0.6025276068092676,0.74000744944354,15,12,7aedb46a-48ec-4e0e-8baa-c9ea4c4a7cf1,Primary Tumor,TCGA-BRCA,fd4bd1de-fc4a-42bc-aca5-5ac16ec14118
TCGA-UU-A93S-01A,-0.15321756836201778,-1.7338291725868222,15,12,45013972-2dfd-4f82-a076-e3e4af1b43b8,Primary Tumor,TCGA-BRCA,a7091211-3bf5-4d3b-8625-57281bc0cd56
TCGA-BH-A0WA-01A,0.49358808486924644,0.25726405833688054,15,12,786e8dbe-442e-4551-87b3-b4c333b04dd4,Primary Tumor,TCGA-BRCA,7789d241-991c-4cc9-a557-69d5c439b930
TCGA-BH-A6R9-01A,0.8250416825662686,1.5696514712530731,15,12,43cc074d-b85a-4b0b-8feb-833094ffc565,Primary Tumor,TCGA-BRCA,bb1ee078-38d1-4e5d-af50-50754fce7112
TCGA-GM-A2DN-01A,1.1910742311971723,0.10299643217106325,15,12,56bbd282-b88d-4730-9242-ab97d08dc83a,Primary Tumor,TCGA-BRCA,7140b89b-50b6-42ed-a69d-1cbc7901d530
TCGA-C8-A12L-01A,-0.10672365358151685,-0.023698381309174805,15,12,441919eb-8c9f-478c-bda3-8de4f8295e8a,Primary Tumor,TCGA-BRCA,d3badb09-df1e-488e-ade9-97f1925b5649
TCGA-AR-A1AN-01A,-0.5259629046506492,0.4311247327165277,15,12,43029932-feb0-4658-97fa-645c1e775009,Primary Tumor,TCGA-BRCA,f69ca0e5-201f-4066-81a5-c5b9c8a5012c
TCGA-A8-A08O-01A,-1.1068675379661228,-0.31629051638852895,15,12,5f5964a8-8e07-4620-98f0-93d162dbc31e,Primary Tumor,TCGA-BRCA,cee1efda-644b-4cee-aad2-d7f5ca93cdec
TCGA-AQ-A54N-01A,-0.9409456931374852,-2.453304919267528,15,12,58090433-d8d1-4499-a235-810c3e9d5b74,Primary Tumor,TCGA-BRCA,ea5c9d47-1803-4bd5-88da-352e172bc45d
TCGA-A8-A09W-01A,-0.487062884850835,-0.1178843064027546,15,12,452672e8-b6d9-45b5-bb02-e88e03e2dd66,Primary Tumor,TCGA-BRCA,819746a4-f2c1-4fc2-8dbe-b9c34892d510
TCGA-AR-A0TU-01A,1.3591827399461585,-0.5208170346833075,15,12,dfe6db17-cf45-488e-bd3c-b8433d7343ca,Primary Tumor,TCGA-BRCA,017d71aa-0999-4d8e-9cb4-88b9013e61eb
TCGA-E2-A1LA-01A,1.0182755609890983,-0.2943093819888778,15,12,ce9e0309-9756-42d2-ae94-d91264a79498,Primary Tumor,TCGA-BRCA,5113a198-1bfe-4d4e-8e17-4c8e3359061a
TCGA-A7-A13E-01A,-0.6335811156419352,-0.6084619079276538,15,12,8c7e74e0-71ef-49b8-9217-94b8ef740ef9,Primary Tumor,TCGA-BRCA,0a511373-8fd3-433a-a5e1-877530d6a239
TCGA-EW-A1OZ-01A,-0.2236974205737783,0.47812046474381115,15,12,8f912a40-3251-4e1f-ae65-1f93d71f9881,Primary Tumor,TCGA-BRCA,3e3125cd-a554-4a76-a9e2-b9187e0db6ab
TCGA-BH-A0DZ-01A,-0.1509599049060077,-0.36180084108978905,15,12,478eb8aa-50b8-4ce5-98e4-d518ede4b174,Primary Tumor,TCGA-BRCA,be6f8b24-e668-41c6-89f7-f4cdc8533cae
TCGA-AR-A24X-01A,-0.7199727040784777,-0.2956214685665037,15,12,491d5ebb-e9ab-4b17-acb8-630ff9fef0f2,Primary Tumor,TCGA-BRCA,7be570ba-7f69-431e-88c2-614e92bc88ae
TCGA-S3-AA14-01A,-1.0711179729706577,-0.2964368474820651,15,12,929acc67-b8bf-4f65-9110-380e44ab66b7,Primary Tumor,TCGA-BRCA,e6ea1343-0da3-43f3-9845-4845db02edb8
TCGA-AO-A12F-01A,-1.2272817229643096,0.23066515670656237,15,12,495f9eda-b9be-4eef-bae1-766a4bfbd68e,Primary Tumor,TCGA-BRCA,d6882616-b77d-4d4c-90dc-7318c57876e1
TCGA-S3-AA0Z-01A,0.9350817214983727,-0.013323492816654467,15,12,cffe832c-8a81-4cdb-8b25-df7f35afafdc,Primary Tumor,TCGA-BRCA,44c12577-af9f-4f8c-8b18-24269d6604cb
TCGA-E2-A10F-01A,0.37219941180167776,0.4865603636094536,15,12,8e159b50-8136-42d4-b9c7-d579a74e4931,Primary Tumor,TCGA-BRCA,a7d3a4c0-36ee-43ff-bdcc-37db4b11df76
TCGA-A7-A2KD-01A,0.5234492649487218,0.7663100231284662,15,12,92654f8d-5137-4ffd-aaa3-5ae38eb88226,Primary Tumor,TCGA-BRCA,79d67844-5389-40ee-a1fd-5b19ecf81b73
TCGA-E9-A3X8-01A,0.6006780129000576,-0.7225308842471635,15,12,95873e61-afdb-496c-9f77-3f9beb008cda,Primary Tumor,TCGA-BRCA,9b2a1467-775c-48cf-9a3c-e259ccd344e4
TCGA-D8-A73U-01A,1.5899765318242882,0.6727793847430336,15,12,96f02be7-f2df-483c-8968-a5bd2d887206,Primary Tumor,TCGA-BRCA,a8fa9282-6695-477a-8202-73882cdfa8f7
TCGA-B6-A0IG-01A,0.3784399402984037,-0.17746186508035408,15,12,34ab0cb8-bf19-4cbb-b4eb-3c45ee5aa60b,Primary Tumor,TCGA-BRCA,f36e613e-af30-4b1c-aaf3-89540e05ddb1
TCGA-OL-A66I-01A,1.7765062159434846,0.3847583191548892,15,12,35bd694d-1dd2-466f-ab27-03320614b40e,Primary Tumor,TCGA-BRCA,3f44f7ab-7299-4b8e-b2b9-16ed5291e727
TCGA-EW-A6SC-01A,-0.40469416448841766,0.4600362439344567,15,12,97862b8e-9f76-4b19-a865-156a9c00fb1e,Primary Tumor,TCGA-BRCA,9d487523-ce75-4146-98d9-aed08dc2f632
TCGA-AN-A0XS-01A,0.3718225031845356,0.4671593844644355,15,12,95e949d3-b1f3-46c6-9451-8fe92c99e4cf,Primary Tumor,TCGA-BRCA,e3569a42-412b-405d-a1ca-5c89b1ea36d0
TCGA-LD-A74U-01A,-0.152680718225858,0.5574048433838689,15,12,38a4e9bd-93e9-432d-a756-3b1055b823bd,Primary Tumor,TCGA-BRCA,478a40b1-0f88-401d-92b6-4b58b2c56798
TCGA-E9-A22B-01A,0.3234909359844249,0.5614930953244018,15,12,b956df1b-bc77-4bdb-a5bd-5dda7b4c8da7,Primary Tumor,TCGA-BRCA,5e05ff45-9f44-484d-889f-529e2bfe2a48
TCGA-BH-A1EV-01A,-1.134972183642391,0.06866498650683599,15,12,417dea5f-f68e-4dab-940e-43ae8c67e5e6,Primary Tumor,TCGA-BRCA,0a7421d4-5722-427a-9643-da1074e5c25c
TCGA-LL-A5YO-01A,1.309991968713834,-0.02458983861777268,15,12,b8aefc48-4a6e-4254-a57f-5f688399b582,Primary Tumor,TCGA-BRCA,e0b65eec-7c30-4607-9cae-c8e8463c80c5
TCGA-BH-A0E1-01A,-0.8099901855571459,-0.3751236561325857,15,12,606fbc6a-b41b-441d-9401-51e54912bf5e,Primary Tumor,TCGA-BRCA,c1ac2f8b-9ff2-47b9-a685-6cf10a7a925f
TCGA-AR-A1AQ-01A,1.1102412778454005,0.0033039802985578015,15,12,98e0b4de-52fc-4945-9bf5-11e29368f939,Primary Tumor,TCGA-BRCA,ef181439-d071-40e0-a185-f29343085f8c
TCGA-A7-A6VW-01A,0.08532885841571168,-0.3665172040469364,15,12,98e709e7-e195-4b37-9537-f6081affb609,Primary Tumor,TCGA-BRCA,b4835808-46fa-4b6c-a933-92acc9908319
TCGA-XX-A899-01A,0.2947128674076779,0.6745283051707641,15,12,f89588e9-ca73-4465-a7fb-7246edb45e3a,Primary Tumor,TCGA-BRCA,e0cb738d-854a-4033-b370-79fa28d7cef8
TCGA-AC-A3TN-01A,-0.5013165974621147,-0.4820244293348331,15,12,81b70c58-4a12-448c-a594-2ade44f6a0ae,Primary Tumor,TCGA-BRCA,a9b2ff1a-3b37-4388-a1e6-826e2edea49b
TCGA-EW-A1PF-01A,-0.14134105656159465,0.5584072527701104,15,12,848773a3-2f4a-4186-ab3f-de667129accf,Primary Tumor,TCGA-BRCA,f90e51cb-b862-4a76-acb0-cc882bfb4ee6
TCGA-AN-A04D-01A,-1.1824561969336425,-1.0424385159027705,15,12,49717f75-0f2d-4e1c-9a12-f1cd7877b80a,Primary Tumor,TCGA-BRCA,d141392c-757b-44f5-b531-0bcc136d8b17
TCGA-BH-A0BA-01A,-0.12294176792787935,0.20109247660321058,15,12,49dc3e68-6206-4f16-969f-a758cc7be8ed,Primary Tumor,TCGA-BRCA,9cf6e387-2b87-4f53-bb5a-d545a78f21cd
TCGA-B6-A0RI-01A,-0.6268019735429344,0.4594256148803572,15,12,bfd55808-dddd-44c3-97d7-41600497b992,Primary Tumor,TCGA-BRCA,1c3a771f-43db-4b45-93f8-f8e6d2ab6847
TCGA-AR-A24N-01A,0.15818073492473736,0.445369777686635,15,12,30047d32-0833-4aca-98d1-3b9ab7122863,Primary Tumor,TCGA-BRCA,f7b5d569-1a46-4f23-bfca-a46daacda793
TCGA-E2-A3DX-01A,0.636428413861546,0.9185668980805862,15,12,31427699-e27a-4035-8925-6d8d6900d097,Primary Tumor,TCGA-BRCA,11631339-f447-4b28-97a8-3c7c6ccbc843
TCGA-AC-A3W6-01A,0.5592674830432007,0.5501081791583327,15,12,1b4cfad1-e353-4411-97b6-2b7b9309e95e,Primary Tumor,TCGA-BRCA,99ce2ebd-7a50-4808-ba75-8626ad6d7cfd
TCGA-A7-A425-01A,-0.5405670233865308,0.10723628632096081,15,12,a8f5c479-8685-4e2d-bb60-63f1cc651083,Primary Tumor,TCGA-BRCA,898920ea-31b3-4244-a413-4b957e93594f
TCGA-E2-A15C-01A,-0.3500201677160152,-0.07050382538240965,15,12,da840a22-8d30-4682-bbd0-8fa87bd40528,Primary Tumor,TCGA-BRCA,35f78d43-917b-4a7b-b992-d004056a370f
TCGA-LD-A7W6-01A,0.11948370648586279,-0.3456621865419815,15,12,0b0f9938-ce1e-4814-8821-0132d137eb9e,Primary Tumor,TCGA-BRCA,8e60d7c9-0fee-415f-b7bd-072f1bcd0fac
TCGA-A7-A5ZV-01A,-1.0374035005554916,-1.3465146413036004,15,12,0ec70e40-07df-461d-8ff9-351240a0d454,Primary Tumor,TCGA-BRCA,89fa8a0c-e046-4fbf-97c5-4ed5cc4e5e4c
TCGA-E2-A1LH-01A,0.8188782978438354,-0.7049574210207276,15,12,d8ecba6a-9fff-4993-a799-9a8d2aea524e,Primary Tumor,TCGA-BRCA,e99a371e-14fa-46f7-89c1-ad36bcd82994
TCGA-GM-A3NW-01A,-0.3589855671783098,-0.5451179471146202,15,12,6ddaee34-46eb-490c-bd13-f0ab963c4322,Primary Tumor,TCGA-BRCA,798e4669-4ca3-4af1-b713-be2b1f30e4dc
TCGA-D8-A1J9-01A,0.3463584821735003,0.9854233059739003,15,12,d5e9a403-88ce-40fc-bb85-80cf3f8ff6bc,Primary Tumor,TCGA-BRCA,5b4ec1fd-516d-4c32-a233-0699e591df1a
TCGA-C8-A8HR-01A,0.5081872990874746,0.6067047767632577,15,12,dcb68327-1537-4ca6-81de-3910d0663cb8,Primary Tumor,TCGA-BRCA,d80334e2-0ee0-432a-aa78-3d6ca1f017e5
TCGA-D8-A1JF-01A,-0.27954310123734755,0.49847052209076054,15,12,dcd5e079-813a-4c1a-b320-0931468d2bbc,Primary Tumor,TCGA-BRCA,7300d49e-2e8c-42e0-873a-1674a19b71e6
TCGA-E2-A1B4-01A,-0.584448466952807,-0.39797479480295433,15,12,dbb2da92-99dd-400c-bc05-e87d7273656c,Primary Tumor,TCGA-BRCA,8d558ae5-f3a1-49fa-aa44-5abc6244b57a
TCGA-EW-A423-01A,0.32818046049035504,-0.11575270611786537,15,12,bdd08ec8-8892-4273-8f21-6fde0f23c52d,Primary Tumor,TCGA-BRCA,490df7f9-4b05-449d-bf47-d7de49aa50c0
TCGA-D8-A27T-01A,0.7243914778471582,0.5879849406250779,15,12,27c1c094-690b-4973-8900-a797ad88f98c,Primary Tumor,TCGA-BRCA,d880fcce-ad8a-4402-911c-11129d2225df
TCGA-BH-A208-01A,-0.28562414872208847,0.7965342418707007,15,12,ddcbdac6-9e43-4146-a611-d033125eba14,Primary Tumor,TCGA-BRCA,55214dd2-b3e8-444c-9d02-3db6008b1920
TCGA-AO-A03T-01A,0.34708691254358764,-1.0039852675760657,15,12,dd6b64a8-d546-4fd1-bbbd-ac9703791cae,Primary Tumor,TCGA-BRCA,a542178a-a338-40d4-be52-b9a71af89b58
TCGA-BH-A0E9-01B,-0.30121096178840123,-0.06942427299336533,15,12,76ace6aa-0505-442c-978a-f889cf2d44bb,Primary Tumor,TCGA-BRCA,363736c4-cc2d-4920-a10b-bd0de899cdb1
TCGA-BH-A2L8-01A,1.3230779511365873,0.3591550434004416,15,12,bac4b268-c781-4408-96d8-43a48fec7418,Primary Tumor,TCGA-BRCA,7e0c78b6-4020-47b6-a8bf-46cf290c5c85
TCGA-A2-A0YH-01A,0.7859381551446297,0.6342794507782022,15,12,298d33da-15af-48cb-b30f-eaf54e7baa43,Primary Tumor,TCGA-BRCA,f6392b6f-24d9-4768-8269-c7c647f8ff8c
TCGA-AN-A0FT-01A,-0.36257929608618017,0.13002402846026664,15,12,baf5e81f-2322-41ec-9053-b9559a7993bc,Primary Tumor,TCGA-BRCA,2ff175d2-100f-4ce8-8d1e-b3b95b41ae56
TCGA-AO-A03V-01A,-0.4279089792123701,-0.21833234267865378,15,12,a6cb373a-1604-4e25-bd81-da6c3e4f06ee,Primary Tumor,TCGA-BRCA,bc39baa2-786e-4d9a-874e-a7f4febc3be2
TCGA-AR-A1AH-01A,-1.3581918923611158,-0.45487093017790264,15,12,a6e11b30-3ae8-4dd1-b04c-a730c6a79746,Primary Tumor,TCGA-BRCA,59858555-bc6a-4286-8280-0f8341123cac
TCGA-EW-A1J3-01A,-0.08032321134135972,0.13479651389778116,15,12,bb1de798-0c02-437e-b539-33cb556d3993,Primary Tumor,TCGA-BRCA,b9549737-232d-446f-812f-e7e015bfb462
TCGA-AN-A0AS-01A,-0.6143516968837877,0.3722076820993298,15,12,7c2a8440-0206-4039-8474-8d62f6c7de0c,Primary Tumor,TCGA-BRCA,d5120825-ab1f-446c-af1e-3be57846a15b
TCGA-B6-A0X7-01A,-0.428951810161799,0.011701013331876675,15,12,5b9a5cd2-5ec8-48a0-b9f2-da9bede0b089,Primary Tumor,TCGA-BRCA,9054231e-9b1f-4ee4-b22c-1e9dbfdcfc03
TCGA-D8-A141-01A,1.2344142990016453,1.2406922052681015,15,12,42f6f503-4cf6-4a8e-b5fe-b44bccf6b38b,Primary Tumor,TCGA-BRCA,51886a03-7aee-4b58-806f-906a29bfad0c
TCGA-E9-A1RC-01A,-1.2793182586205996,0.3578882061482272,15,12,5cdae21d-eee5-478f-932a-0f51fcf5f031,Primary Tumor,TCGA-BRCA,8c600781-5238-4b46-80bc-aa2710c1ed3f
TCGA-A2-A4RY-01A,-0.45578366817136556,-0.24460092677644799,15,12,5a53ec47-e63f-44a2-8078-87659544fb04,Primary Tumor,TCGA-BRCA,f55dbdb1-0301-4000-a854-717aed117a63
TCGA-OL-A5S0-01A,0.38581167742229405,-0.07084158323127261,15,12,43b3bf47-7313-4dfb-952a-ec0b9d48e16c,Primary Tumor,TCGA-BRCA,3fafe34a-38e2-4645-af4e-0d77fd5464c1
TCGA-AC-A8OR-01A,-1.2698103217777168,-1.1734764359054901,15,12,8cd1ba0b-ead9-4661-a796-6c9dbf1c42cd,Primary Tumor,TCGA-BRCA,65264188-23f8-4214-a45a-574f47471bb3
TCGA-A2-A0CK-01A,0.006030817126744762,-0.4827141016662358,15,12,5aca16ca-4516-4e27-8249-6914029a7ebf,Primary Tumor,TCGA-BRCA,87b59374-da2d-41ba-bbde-43a9022eac2c
TCGA-E2-A56Z-01A,-0.06752744469028253,-0.7522405784846335,15,12,45c3975c-d333-4237-93f7-e12dc2451c38,Primary Tumor,TCGA-BRCA,68814d4d-9db8-471f-b4b3-5c2fecb10773
TCGA-B6-A0RV-01A,0.15674027945085106,-0.2749880602406897,15,12,cd3faa15-743c-476f-ab0d-f205b14126b6,Primary Tumor,TCGA-BRCA,d914654b-ec4f-4be5-a525-2997a4b39279
TCGA-E9-A1R6-01A,-0.7452546502616566,-0.28060450432482126,15,12,4842bac3-abaa-4900-871f-f2c3ba6457f5,Primary Tumor,TCGA-BRCA,4e98f490-cbdf-4864-8cc3-b5f9d3c95146
TCGA-BH-A0C7-01B,0.26449473617231034,0.40894027318051623,15,12,e1119732-3e97-4259-bc69-dc4269d9496d,Primary Tumor,TCGA-BRCA,7d0189e8-9726-439a-b5e4-b650bc33794b
TCGA-E2-A570-01A,-0.8486635431964508,-0.11780532301594905,15,12,cdd8c046-fd97-482a-a11f-2217b321c4d1,Primary Tumor,TCGA-BRCA,478c9754-5a19-477b-8b9d-0825f95f88ff
TCGA-BH-A0AY-01A,0.07558672194537361,0.37262336638892973,15,12,93ed6066-b567-4e1c-ab81-23370f9d3452,Primary Tumor,TCGA-BRCA,27513ce4-3807-481f-abcb-c59774a90519
TCGA-E2-A1LS-01A,-0.9536194296697607,-1.3403757675991521,15,12,91a2f2af-e4b1-4a0b-ab20-6a36ce63c533,Primary Tumor,TCGA-BRCA,5755f322-5df5-4b88-9c79-640167775c12
TCGA-A8-A09N-01A,-0.0818019386952364,-0.35301020423773943,15,12,33919e92-4ea9-47e5-a6f4-36e51845d50f,Primary Tumor,TCGA-BRCA,2a2d5de1-44d7-4c83-91d6-fc1b3c136143
TCGA-A8-A09D-01A,-0.21322644073535704,0.580554739526088,15,12,36449392-de76-4ee9-bc09-627a07e18727,Primary Tumor,TCGA-BRCA,78b9cc4c-a99b-4814-9538-3cf9515af75b
TCGA-C8-A135-01A,-0.405009944293129,0.19003536523175688,15,12,33cea538-4c3f-470a-972d-257c43241ab4,Primary Tumor,TCGA-BRCA,0a74ea3f-dadc-4c9f-96ea-62a77c1e602c
TCGA-A2-A0T5-01A,-0.9957083628867945,-0.07782602813934675,15,12,36d77496-99f8-4911-ba7c-89fae32662aa,Primary Tumor,TCGA-BRCA,d5d23d6a-c141-442f-ac4f-714e46b8d9ef
TCGA-D8-A1J8-01A,1.4623157061381316,0.8624487822115589,15,12,62d70067-ff77-4f95-8b69-f537abaf74ce,Primary Tumor,TCGA-BRCA,19264a73-b106-4b24-be01-0a9a137c6de9
TCGA-C8-A133-01A,-0.34785404172704065,-1.610036906417128,15,12,b8b6cebc-26dc-43ae-a94a-20da6018f7ae,Primary Tumor,TCGA-BRCA,e20d0db7-984a-4bcf-9f1e-54ec63d55a2f
TCGA-EW-A1IY-01A,1.6317709199491086,0.5972533109926405,15,12,5ff12cbe-a3e0-4ce6-8452-12b984a1baaf,Primary Tumor,TCGA-BRCA,9b13d7e4-d265-4c0b-8aa3-5b4af70ff87d
TCGA-BH-A1FC-01A,1.4170218105633359,0.14976542093289338,15,12,b97bf89a-7a85-4eef-ae7e-f787aead1f0a,Primary Tumor,TCGA-BRCA,09f9ebad-e7cd-4c20-9eab-8fd2066d9051
TCGA-AR-A0TV-01A,0.8610657943752495,-0.29484544488231235,15,12,6439621e-da61-4723-91cc-c5d87d0a4abc,Primary Tumor,TCGA-BRCA,fc203d80-6254-402c-8c8b-a5500bfa909e
TCGA-D8-A4Z1-01A,-0.5675385903181999,-0.4690980358978793,15,12,80419545-4e5d-4baf-8948-f84589b5ef3e,Primary Tumor,TCGA-BRCA,1277b2ec-0374-403f-8bba-cb57aeeb0d01
TCGA-AO-A1KR-01A,-0.10195649143076231,-1.8750696382736571,15,12,b7f74ae1-6f58-447c-be50-a7666eb19d9a,Primary Tumor,TCGA-BRCA,707414cc-7f34-41c6-8803-6641521a4069
TCGA-E2-A14X-01A,0.8507340605962248,0.5028159471026722,15,12,60df7543-6da5-4c75-943b-5800c1e08234,Primary Tumor,TCGA-BRCA,ada5cdcf-f9e0-4209-aa92-ac3b921bbdf4
TCGA-OL-A5RU-01A,0.46886208941457286,-0.27041407953023144,15,12,b8a44fdf-9cb9-4123-9ab0-4bc198921fee,Primary Tumor,TCGA-BRCA,6185d5c4-f757-4baa-bd82-fd4050c57312
TCGA-PL-A8LX-01A,-0.5139702239834366,-0.6674735020379997,15,12,fe2cd610-aa52-4789-ac62-7683281bb22f,Primary Tumor,TCGA-BRCA,ac16e2b7-9566-4330-8e13-4b31b92410e4
TCGA-E9-A1N5-01A,0.18445303183635647,0.1428656747362529,15,12,f954de05-1b44-4087-8933-6cc72d81028d,Primary Tumor,TCGA-BRCA,d9126541-4eb3-48fc-88ed-2e0ecea0d9d4
TCGA-S3-AA17-01A,1.1460079484555807,0.18989562603447033,15,12,49a2fd48-744d-4d88-b9b4-8c778d4f48fd,Primary Tumor,TCGA-BRCA,da93e1a9-6863-4c98-b1fd-52d22ecbca45
TCGA-A2-A0YE-01A,-0.076686151954732,-0.18799281574370383,15,12,84a88e8d-1e65-4b88-aae6-bf4c7a7e4c33,Primary Tumor,TCGA-BRCA,c94fb480-7f46-4c24-bcb1-26f66a57c45a
TCGA-AC-A3EH-01A,-0.48363884122135137,0.3297999599290353,15,12,fac173a8-1613-4bd4-87ba-83a2cfe8a37d,Primary Tumor,TCGA-BRCA,d93c4b85-2617-43d9-8017-ed3a82dc4117
TCGA-B6-A40B-01A,-0.5463734952033711,0.35696950088844587,15,12,8539e15f-ba40-4219-aaeb-08d0ab101311,Primary Tumor,TCGA-BRCA,80c3e656-26e4-4b45-acce-fac1a0c09d28
TCGA-D8-A147-01A,0.5808807076761625,-0.11913972973622193,15,12,fc18d029-9be2-4fa0-9aef-6d647dc55f0b,Primary Tumor,TCGA-BRCA,abefed1d-9f40-4a97-9435-4d9df47f7ebd
TCGA-BH-A0HO-01A,0.30362225438270346,0.3774542340780364,15,12,8332806e-f547-4aae-89af-6d5bec831fd2,Primary Tumor,TCGA-BRCA,90e074a0-ca6d-4031-aa26-f79e5c662ba7
TCGA-AN-A049-01A,-0.08304143164967234,0.07972765809008993,15,12,2e1e3bf0-1708-4b65-936c-48b89eb8966a,Primary Tumor,TCGA-BRCA,89dfc6f3-9f78-4e03-a2e7-e9010c7814a2
TCGA-A2-A0CP-01A,-0.9210220571036182,-0.4938667911217644,15,12,fe15c48b-116d-461e-9b40-68514730fd18,Primary Tumor,TCGA-BRCA,9b980569-4da2-43ee-a06a-18ee09baf41d
TCGA-C8-A1HM-01A,1.7672554972325363,-0.34578711148837815,15,12,8b525ec6-d24b-49d4-bfcb-b354de4dae7c,Primary Tumor,TCGA-BRCA,2c3000b7-4db9-4f00-a82a-ca6802806631
TCGA-BH-A0BC-01A,0.6946272469923808,0.7343448428443208,15,12,327a2395-85c8-42e1-9638-8e037a1723ed,Primary Tumor,TCGA-BRCA,de6f1503-33d7-4f86-b835-bdffba7ea4e3
TCGA-A8-A08L-01A,0.6903538464889372,0.4624061323211944,15,12,8bd68696-5eeb-46d7-9dc6-c39c849029a4,Primary Tumor,TCGA-BRCA,cf089a52-2196-422d-affa-a5f434edd134
TCGA-E2-A14Q-01A,0.06392682027822247,-0.40289975516920856,15,12,303a1d77-a37a-4966-a4a4-9981d99ba1b4,Primary Tumor,TCGA-BRCA,a03952ab-2ac1-43a5-a438-1f022bcd0b16
TCGA-BH-A0H5-01A,1.9853537014566276,0.4407052110841643,15,12,cab38ea8-4555-413c-b81e-4621aac4ef85,Primary Tumor,TCGA-BRCA,03d18286-1038-4c0c-9c05-d1269e280250
TCGA-PE-A5DE-01A,1.6746828863248988,0.039094058918786374,15,12,89c128b9-1c6b-4c04-a4af-7066772e783c,Primary Tumor,TCGA-BRCA,386ce911-e1c2-4d68-b0a3-aac157e1a555
TCGA-LQ-A4E4-01A,-1.3896359651591443,-0.9941682260106589,15,12,4f321d41-3255-46a4-ae0d-1cf39699e624,Primary Tumor,TCGA-BRCA,d53192c4-2356-4b6c-b98f-19eded7b7e29
TCGA-BH-A1FN-01A,-0.2101142542138371,-0.03557933357153788,15,12,6dd0dd7b-62ff-4fd1-a99a-b265f1a91dca,Primary Tumor,TCGA-BRCA,ab06e3b7-52ef-45e4-8fc6-dbb4f63b110e
TCGA-BH-A0BO-01A,-0.2385308573857973,0.8295308207752594,15,12,26573441-eedb-4364-966c-e7f803deef19,Primary Tumor,TCGA-BRCA,4ef3b472-5fce-4e6a-a835-659cc3fee694
TCGA-BH-A0BJ-01A,-0.0012624490819964362,0.1945731568119495,15,12,d6f911b5-e895-43f8-8f86-0ac2f1bc6fae,Primary Tumor,TCGA-BRCA,4660cd29-08ac-452c-9bb8-10e9d9e906ab
TCGA-A8-A09X-01A,0.61977105232833,0.5729204788312744,15,12,27b05b15-a44b-45ed-a6e3-e7d1ca488ea9,Primary Tumor,TCGA-BRCA,09f1c0ee-ee22-435f-88c9-d9f5c936c45c
TCGA-GM-A2DC-01A,-0.8565178163439476,-1.1742152358062365,15,12,dd43ffd9-da18-4ad3-abe7-6f443c76a717,Primary Tumor,TCGA-BRCA,97dbbbc5-cd1a-4bb8-99c5-600870ccd35d
TCGA-E2-A153-01A,-0.873972403138723,0.1835445180391145,15,12,be9bf36a-12e1-4386-addf-1686dc8b49de,Primary Tumor,TCGA-BRCA,aa2ab118-b3cc-4452-a29c-104f80f16f8d
TCGA-D8-A1JN-01A,-0.1631043859806457,-1.1652398086477864,15,12,28911b97-42bf-4189-9961-522fc0aeebc6,Primary Tumor,TCGA-BRCA,4f89dad8-a12e-47d2-a7d9-c1b90f1bd61b
TCGA-A2-A4S0-01A,-0.7838155710418583,-1.1357879612885122,15,12,a53dd490-e0ba-419a-90c6-b905e241a8e5,Primary Tumor,TCGA-BRCA,383b947b-6824-4c75-b4f3-ccfa933d3d33
TCGA-BH-A0AV-01A,-0.45449660170982037,0.7989289298872788,15,12,790ff5db-b7f3-4946-aaed-305f66b1dd6a,Primary Tumor,TCGA-BRCA,f03677e2-11ab-40b2-8499-591357c2c9d6
TCGA-A2-A0YJ-01A,-0.7794165523928807,-0.9563314116271046,15,12,796b593f-5886-4a27-bf94-7ea8df325e1a,Primary Tumor,TCGA-BRCA,6ac73ea5-48e8-40d8-8383-fa28991813fd
TCGA-E2-A10A-01A,-0.41964776342126736,0.1210934707248273,15,12,4da7abaf-ac7a-41c0-8033-5780a398545c,Primary Tumor,TCGA-BRCA,1a8d6cfd-095d-4461-875a-56d27816a0f5
TCGA-OL-A5RX-01A,-0.30850304243918386,-0.18518873736979755,15,12,43c0bec6-6fac-47b1-83cb-200a15a932be,Primary Tumor,TCGA-BRCA,f73d3dce-d75f-4f76-b49c-99348ee641cc
TCGA-BH-A42V-01A,0.06646495191985911,0.43670621879869387,15,12,57cf380d-ab52-467f-b9ae-740b2f84c820,Primary Tumor,TCGA-BRCA,c4a9a1df-4397-409e-85ec-30e0789377c2
TCGA-A7-A13E-01B,-0.6853552567706482,-1.0225517814007001,15,12,8c7e74e0-71ef-49b8-9217-94b8ef740ef9,Primary Tumor,TCGA-BRCA,06952c59-978d-4ef4-b716-c55dd6747699
TCGA-A8-A082-01A,-1.0406937793350917,0.10087268837593576,15,12,5e4187c9-98f8-4bdb-a8da-6a914e96f47a,Primary Tumor,TCGA-BRCA,0a06329d-82cd-41a9-822e-43cfd49e63a2
TCGA-A2-A04P-01A,0.1841668497821606,-0.36419523447290997,15,12,ccd4a24b-d8cc-4686-9dee-c98b0c5a8d21,Primary Tumor,TCGA-BRCA,c95a37a1-d3cd-421c-bc5f-0f8dc448f64c
TCGA-D8-A1JT-01A,0.2573471885632506,-0.435015718591965,15,12,cd781589-3820-45a2-906b-8d60cd02f3ef,Primary Tumor,TCGA-BRCA,9c99e8d0-a96d-4252-8ea8-e15bfae278c3
TCGA-OK-A5Q2-01A,-0.019405599843217387,0.061731929143303055,15,12,cd7fb75e-1c2e-4201-86d3-b3ba21f476bf,Primary Tumor,TCGA-BRCA,c25c7ca5-8d03-4bba-b42b-c8b1042c0d48
TCGA-PL-A8LZ-01A,1.4578625255696802,0.651402371578675,15,12,9087585f-e792-4f33-baaa-56ffe0f745be,Primary Tumor,TCGA-BRCA,3c2914f4-200f-4bec-93f0-b0fdb6460378
TCGA-D8-A1XJ-01A,-0.7541854591587119,0.34171538625637915,15,12,cc510968-fe52-4109-a79f-74f216b48c78,Primary Tumor,TCGA-BRCA,97387357-c741-43a6-9b3a-55c925f9a516
TCGA-D8-A142-01A,0.2077383154895393,1.1663224985814107,15,12,ccb22ecc-6e18-44b8-ad48-6ab51314b16e,Primary Tumor,TCGA-BRCA,c8c7b9cc-7015-4405-a7f5-f60587de285a
TCGA-D8-A1XM-01A,0.8486283465257467,0.968391483369731,15,12,92529232-8504-4541-b7e2-4df8f497c413,Primary Tumor,TCGA-BRCA,4c941474-f3e0-4735-bad0-cff8894fb08d
TCGA-B6-A0RS-01A,0.8888999267778104,0.32470109533436003,15,12,9416ff9b-6f29-4554-b04d-b537a3ae3969,Primary Tumor,TCGA-BRCA,9c0043c4-b65a-42ca-9f02-fe1cef04beaf
TCGA-B6-A3ZX-01A,0.9655237565390338,0.11672583043474409,15,12,9434687a-197c-4959-b6b8-9c05f1dd7f53,Primary Tumor,TCGA-BRCA,f6565f25-4317-4615-a437-af79da929ecd
TCGA-C8-A3M7-01A,0.016096333957026872,0.10790850852308365,15,12,959ff069-8a49-4c9b-85c2-5291cac0acff,Primary Tumor,TCGA-BRCA,7aff89e2-86cb-43d8-96cd-341c02ebdd49
TCGA-AR-A1AK-01A,0.7243705049137387,0.4022475557780935,15,12,94b03e1d-50ec-4680-bffd-7086d1536ff2,Primary Tumor,TCGA-BRCA,5405b59e-44cc-4745-b838-ca279210cbed
TCGA-E9-A1RB-01A,-0.4588605886223081,0.28311495123725067,15,12,94b95984-b2fb-4e42-8887-45e7086c3179,Primary Tumor,TCGA-BRCA,c9920595-31f2-4977-b6bd-c0fa3ffcf461
TCGA-AO-A0JE-01A,1.0359233889472634,0.8360888635545435,15,12,36fe6152-f61e-4948-9ccc-23ac01a9d77d,Primary Tumor,TCGA-BRCA,7f1cbb4f-aecf-42be-91cc-fb35d03447df
TCGA-A2-A0T0-01A,0.08569125574086654,0.24487119362160595,15,12,95c53f69-0f05-4348-822a-571f3d757001,Primary Tumor,TCGA-BRCA,bbd09e9b-84ba-458f-a595-b03069b843dd
TCGA-A8-A09G-01A,0.9713279726040486,0.48080041897696074,15,12,3927f736-3b5c-48c8-9d9e-83669ec44770,Primary Tumor,TCGA-BRCA,575ef8e2-dfbc-48b3-9836-089b94498e09
TCGA-A2-A0CT-01A,-1.0888120192720077,-0.48556476066614307,15,12,378778d2-b331-4867-a93b-c64028c8b4c7,Primary Tumor,TCGA-BRCA,1d7789a1-1ff1-4865-a9c9-dfb40e57aff5
TCGA-A8-A09M-01A,0.7559790907923449,-0.12798284525263692,15,12,626b4ff0-2188-4a14-aac8-6703c624917f,Primary Tumor,TCGA-BRCA,56e43b33-6dc7-496b-bdee-75e5fed5d502
TCGA-AR-A1AY-01A,-0.6084453449712128,-0.20218682035850008,15,12,5fd9552a-c742-4388-940d-295d1107ae00,Primary Tumor,TCGA-BRCA,58764dda-7c61-4705-a834-4d654c60ef2b
TCGA-BH-A0BR-01A,0.004824862341973445,0.6962372312593531,15,12,3ecb0147-276d-486c-9af0-ce437c24ba83,Primary Tumor,TCGA-BRCA,196aed5b-6812-47c5-ad7b-4dd1743ed0b5
TCGA-AO-A1KP-01A,-1.1149499410790311,-0.8873249076766662,15,12,3aaabc62-f5a4-4025-9b29-5adf82c86c84,Primary Tumor,TCGA-BRCA,fbdb3ca1-c7c8-437e-a315-25e3bc623236
TCGA-A2-A0SW-01A,0.889427574700814,0.14547280902074453,15,12,991e1427-3c01-423d-abfd-4584302ca72c,Primary Tumor,TCGA-BRCA,e748021e-b8ec-4b17-8b59-ce9d0a3d42e1
TCGA-A8-A09Z-01A,1.6503196693991682,-0.2814881417819655,15,12,81e7a3d3-be70-4834-8018-4d2cc077a4e6,Primary Tumor,TCGA-BRCA,12b68e56-a83f-4b65-bb66-59e8522acbc9
TCGA-AR-A1AI-01A,1.167751613850275,-0.17101556372657178,15,12,9848307d-1bd5-40c1-b655-a33297aaf74f,Primary Tumor,TCGA-BRCA,7774e389-c3c5-4abf-846c-4e8eead7e521
TCGA-B6-A2IU-01A,-1.4987928944301128,-1.3550857325473844,15,12,9857be0c-aeca-4a43-90b1-0535bd08e086,Primary Tumor,TCGA-BRCA,e8149278-3269-4dbe-9500-7045fd56cd2f
TCGA-A2-A1FZ-01A,-0.4706974931657799,0.16482537442640102,15,12,805bfe39-3695-43c2-93e4-d66d0559b89f,Primary Tumor,TCGA-BRCA,fd121fe6-7529-4a92-a324-2186622180b3
TCGA-OL-A66P-01A,1.067932802086124,-0.34817275716723906,15,12,f81ac8a2-4ce6-439e-b027-1c0bfc88ceaa,Primary Tumor,TCGA-BRCA,1af79ae6-8b40-40ae-8f68-195d8367ac38
TCGA-E9-A3HO-01A,0.21489067009551618,-0.4517021218154067,15,12,807b62ed-d3f7-4211-83be-754386ff2c96,Primary Tumor,TCGA-BRCA,75a7e5eb-1db8-4858-9a9f-78abea32ccd4
TCGA-BH-A0DS-01A,-0.10110308648617633,0.09081218542398774,15,12,fb57c598-b45b-478a-9d34-ca1f050d5b7c,Primary Tumor,TCGA-BRCA,158cc60a-89b0-40f0-8536-8c0f0e31429b
TCGA-E9-A245-01A,-0.8611481791569772,-1.2071607800826667,15,12,8218119a-f68b-4ea7-9ee4-5e2edc2ae342,Primary Tumor,TCGA-BRCA,243fe98b-3355-4b09-8094-b9e06a2b8329
TCGA-AO-A0JJ-01A,0.5414201468849902,0.40592284938926215,15,12,bef7b135-a727-45e8-850a-cc4cd56c49aa,Primary Tumor,TCGA-BRCA,c7646bc5-436b-4ad5-b5ae-894b2e843cda
TCGA-BH-A0HP-01A,0.35847375861274217,0.21246199894173837,15,12,fcef8cb5-fb2c-4bfb-82cd-6b9f3145182c,Primary Tumor,TCGA-BRCA,95775d9a-4f7f-47c9-806b-acea8e01d40e
TCGA-A2-A0D3-01A,0.13629342835434358,-0.2243113211305916,15,12,4a16429b-884f-4c95-8683-feeedf0d6a55,Primary Tumor,TCGA-BRCA,7d904415-9887-4738-99ae-66dcd60084ac
TCGA-BH-A18F-01A,0.12303159018199411,0.17726339360051865,15,12,bfd49783-1767-469b-9d79-7822301c5efc,Primary Tumor,TCGA-BRCA,ac7c3a38-5d88-488e-86f7-1c72a26fe5ef
TCGA-E2-A150-01A,0.6946522986195967,0.367264638903013,15,12,4ac693e9-10f3-46b3-9d46-df3af7b0d259,Primary Tumor,TCGA-BRCA,7860a938-e43a-4c3a-83b4-6578cea95df8
TCGA-A8-A0A6-01A,1.0091668148814226,-0.33739134020740075,15,12,4b0d295c-e185-4b52-9752-178e5bc1d47d,Primary Tumor,TCGA-BRCA,b4d6811f-cb5c-4ad9-8f13-5d58f0b6afd4
TCGA-B6-A0I2-01A,1.6908619433730052,-0.8557846795468066,15,12,328dfcb0-b5ae-43f2-bc87-dad0ab3df9e7,Primary Tumor,TCGA-BRCA,ccd3b6f5-b425-47fb-b48e-0e24a4d6a4b2
TCGA-AO-A12D-01A,1.0231122759271645,0.46026147988191496,15,12,2fe854b4-bac9-4801-9a1c-ee99388e8082,Primary Tumor,TCGA-BRCA,a58e2ae3-a236-4209-8292-70465216cb85
TCGA-E9-A1RA-01A,-0.5365079617264209,-0.13650430862674942,15,12,4b4e4ea8-6eb9-49ad-b880-c5065fe6517f,Primary Tumor,TCGA-BRCA,7baccc3d-54ba-4a3f-8ec0-b54ccd92df45
TCGA-B6-A0X4-01A,-1.3676930130834324,-1.641376381749284,15,12,4e42fdc5-2a8b-49e9-87ef-6db7a6692d08,Primary Tumor,TCGA-BRCA,2dc5eb24-fb84-455a-ae05-3b58ad2fc284
TCGA-AO-A03R-01A,-0.16397989319882636,-1.226501457956546,15,12,2e82e576-3095-4aee-9853-65f676647c34,Primary Tumor,TCGA-BRCA,3bc9d1c0-b57f-44b5-8624-b3ee99aeafe4
TCGA-C8-A132-01A,0.6751427334576762,0.5641947809697289,15,12,89e867de-d30e-4bfc-a453-0a76309dabd5,Primary Tumor,TCGA-BRCA,4dc3285f-fd32-4a3e-ad59-28597ab5323a
TCGA-EW-A1J6-01A,0.5391617648760294,-0.5697757807757207,15,12,87281a89-91d2-44f7-9f80-668567ad5c72,Primary Tumor,TCGA-BRCA,d7e1d1f4-3189-401d-91dc-048ab13ce5df
TCGA-BH-A0DG-01A,0.060957190173818794,0.5473486746276371,15,12,0bc5744c-5fa3-45bb-87d0-70a02068b392,Primary Tumor,TCGA-BRCA,39b28d5e-fc51-4dfc-bcbe-0285c3bad830
TCGA-BH-A0HU-01A,0.020802906193545266,-0.573357681418147,15,12,dc657ca8-98e8-4ec4-a513-1b848be0e85d,Primary Tumor,TCGA-BRCA,5978f5bd-575c-4b95-9265-654af1127685
TCGA-A7-A0CJ-01A,-0.036502237348473694,-0.41959716970423155,15,12,d69e59a8-b10b-46f5-b859-b6c178d90506,Primary Tumor,TCGA-BRCA,c55e6460-fea1-468e-951e-bf45bbddd7a6
TCGA-A8-A097-01A,0.4358483025099096,0.8610567860329624,15,12,dcfd0b1d-5707-44a6-b225-5e8f7cea5ca1,Primary Tumor,TCGA-BRCA,c1778b3c-5649-4e26-b937-fd00ffd58387
TCGA-D8-A27H-01A,-0.31184220916084526,0.5868486684958192,15,12,0dca98b0-f43e-45b6-9a02-00092c78678c,Primary Tumor,TCGA-BRCA,427a04c9-9b48-49de-8a47-2adc4e1dd32a
TCGA-A7-A4SE-01A,-0.4894036708509393,0.14014041701744112,15,12,dbf6f981-15cc-40ad-91ac-a66360405fbd,Primary Tumor,TCGA-BRCA,87b7171a-7340-4e1e-849b-c52351f23ab0
TCGA-A2-A1G6-01A,-0.44633055267314525,-0.2637503710984962,15,12,295cf595-4a29-46a3-a0c5-e5f08f947031,Primary Tumor,TCGA-BRCA,0c3ddae2-366f-4b21-ab46-a2cfe1963e42
TCGA-AC-A23H-01A,-0.6715471159838903,0.32939417261943227,15,12,7dcf550c-90ce-4f63-aecd-0e46897e2a3e,Primary Tumor,TCGA-BRCA,de98339e-9b13-4def-b3d9-234fdc784cec
TCGA-BH-A1EX-01A,0.3716658669428147,0.9890661782759539,15,12,7b892055-c59d-4550-8688-ad039790af3d,Primary Tumor,TCGA-BRCA,17ff23ff-17b3-4ed1-b10c-2d922c045807
TCGA-GM-A2DM-01A,-0.29267937642926894,-0.21340685911480486,15,12,753d5d49-3b40-4737-9d4c-b1ec29cc2692,Primary Tumor,TCGA-BRCA,a39993c2-0b95-4df1-b501-b1a746633449
TCGA-AQ-A04L-01B,-1.0433567022076085,0.029887009862685332,15,12,78582fbc-dcc7-48ae-9f95-5271c9bc5b72,Primary Tumor,TCGA-BRCA,0427af63-b665-4c57-874b-65222c200bfe
TCGA-A2-A0CY-01A,-1.681654703207503,-1.1356801304113897,15,12,757df7b0-4774-4493-98bf-999ded9ac86e,Primary Tumor,TCGA-BRCA,c96ef17c-52c1-43d9-a7e5-730fd8f3641f
TCGA-BH-A1EO-01A,-0.49326461494808643,0.33639121593610316,15,12,4510295e-8aa7-4ef1-b2b7-91cc902f8200,Primary Tumor,TCGA-BRCA,c84958db-e7a3-4cd5-9b5e-a5435a86021d
TCGA-D8-A13Z-01A,0.7113646890504165,0.9877200932399011,15,12,5a17dcd9-5ced-4a69-8069-23c7fd0649d1,Primary Tumor,TCGA-BRCA,fd371070-c312-4eca-b3da-d41b1c8a86a7
TCGA-GM-A2DH-01A,1.323974500381371,0.3797787373298609,15,12,5700c1b3-922a-4401-8ab8-89028908d696,Primary Tumor,TCGA-BRCA,4ad2cbb3-5bca-462b-af1f-8a292c317722
TCGA-BH-A18S-01A,-0.8101926865119893,-0.6067609682830093,15,12,433427a1-bacf-4381-91ba-5fec8a0953f9,Primary Tumor,TCGA-BRCA,dbbacb2c-b675-4a35-a6ff-157865f24945
TCGA-B6-A0I9-01A,0.5762740048835561,-0.3092151236706991,15,12,44954053-0b93-4577-a436-42777e442300,Primary Tumor,TCGA-BRCA,0710056c-2f04-4182-90ca-45492dd6444c
TCGA-B6-A0I1-01A,-0.22596354412548286,-1.3387112384540945,15,12,5dd423e8-feaa-4568-a750-500948c41d6c,Primary Tumor,TCGA-BRCA,1852f5d0-ce76-4f0d-87a7-0383f338c96b
TCGA-BH-A0B9-01A,1.6756820835044077,0.10100585763408672,15,12,5a57dc25-d252-4b22-b192-4de630d7002f,Primary Tumor,TCGA-BRCA,4f464ced-080f-41f1-9a00-955db0d5fda6
TCGA-A2-A1FV-01A,-1.3181135997765827,-0.2736859840067827,15,12,cd0c96a4-6414-4efb-879b-7408b62ed5b6,Primary Tumor,TCGA-BRCA,8c6fa126-82a0-4290-a657-8466959585c4
TCGA-AN-A0XL-01A,-0.6818010825636239,-0.009235821722324816,15,12,4649dee3-b668-44cd-ab97-3834de3ef8f8,Primary Tumor,TCGA-BRCA,10d1a1f0-c89b-4b1e-93fa-7c6fd7f5bb8f
TCGA-A7-A3J1-01A,1.0922420675090623,0.8234968944970683,15,12,8f9ad301-6699-4078-a80d-886e40894af7,Primary Tumor,TCGA-BRCA,9928c491-426a-4507-8ddd-999d6b892e29
TCGA-D8-A145-01A,-0.6018914809595475,0.040333828623979225,15,12,4958c36f-1dc7-4f14-9dec-36e14107dbe3,Primary Tumor,TCGA-BRCA,3ecfecef-4180-4b7a-8d9a-5532b47ef500
TCGA-A2-A0CS-01A,-0.6709079650081188,-0.12219411654048273,15,12,d071c16b-7cee-45ed-8ec9-612418143815,Primary Tumor,TCGA-BRCA,e21262db-a694-4461-b1b0-e52c0891113a
TCGA-AN-A0AJ-01A,1.134894781162609,0.32022518622578827,15,12,9646160a-f1f9-437b-8c7d-efb0b57bfb97,Primary Tumor,TCGA-BRCA,fc0a2d23-31a3-4aab-bdd9-0abb51880043
TCGA-BH-A0DV-01A,-0.22603740885522042,0.8096434615034611,15,12,96b9c7db-1be1-4b60-b47c-26b654c3d64c,Primary Tumor,TCGA-BRCA,287a036d-5b2d-4faf-93a0-cf0be006fa6b
TCGA-D8-A1Y1-01A,-0.1708269952378764,0.9028628769670913,15,12,38a631a1-6875-4216-a335-ee93c90a86d6,Primary Tumor,TCGA-BRCA,a6f9b537-d843-4181-9ba8-712c44986581
TCGA-LD-A66U-01A,0.6504036969185667,-0.08846771034971414,15,12,38dc3e09-0b0e-4a29-b318-cc0352013dae,Primary Tumor,TCGA-BRCA,d67b8114-b70f-4e69-bae5-4f2f982c4b1b
TCGA-AC-A3QQ-01B,-1.6756074610417007,-0.937548051373663,15,12,95cef916-5545-455b-920c-773a54fc7676,Primary Tumor,TCGA-BRCA,150cf3db-44a8-4553-a648-66913d68adde
TCGA-AR-A1AO-01A,1.1423043980390115,1.2919282900017108,15,12,623befd6-0ca4-4a6c-9cf5-d9385c3b718f,Primary Tumor,TCGA-BRCA,f88ba6a1-27bf-43fa-a2c7-05db1eb9e8ea
TCGA-D8-A1XK-01A,1.0731590696143414,0.01954930815469405,15,12,97943d87-fed7-4f14-a0a7-c5bfee64c392,Primary Tumor,TCGA-BRCA,7d496f9f-8a04-496a-ad25-68b1b72f864a
TCGA-AQ-A54O-01A,-0.645129475419169,-1.2671432763325174,15,12,35ca5e2a-861a-4dd2-a4ce-d294cf080da3,Primary Tumor,TCGA-BRCA,da8c5f1e-a4e3-46bd-adb3-ce758e654983
TCGA-E9-A1RD-01A,0.13316173075063967,0.48911033523404596,15,12,5fe3c51f-65e2-4da6-8924-a6fae17c022d,Primary Tumor,TCGA-BRCA,467cc312-373e-4655-a07e-533ccb133b22
TCGA-E2-A573-01A,1.2297091135188636,0.05267435757997413,15,12,6429c443-8ac3-407f-bb9c-66420b904bbf,Primary Tumor,TCGA-BRCA,b3eb0ef4-66e8-48df-9acc-fd252dc2ac61
TCGA-A2-A4S3-01A,0.150772701013201,-0.4240864242288514,15,12,418c11e8-2670-48d5-bbf5-95b46bff1201,Primary Tumor,TCGA-BRCA,d14d5953-f379-4adb-9a1b-028f91b1a9e6
TCGA-A8-A0A7-01A,1.7218928984247768,0.6644770274604197,15,12,995fdab7-7284-4d33-befa-ec22aa7c6479,Primary Tumor,TCGA-BRCA,e4e099ea-7207-48b8-a578-d5e6d83054b0
TCGA-E2-A14O-01A,-0.7533467637434433,-0.7392490838647827,15,12,fb356957-f620-4d99-b675-1355a1d9f932,Primary Tumor,TCGA-BRCA,5b318f75-dda6-4410-bfc0-2fd52030cae7
TCGA-AC-A6IW-01A,1.5132878115772295,0.2053354014034643,15,12,8183f0fb-2303-4d7b-bccd-55e5031fc7df,Primary Tumor,TCGA-BRCA,3208ca18-f70a-415e-8d10-5e9cb8a24b52
TCGA-A2-A3XZ-01A,0.7257119911545941,0.07961935263264487,15,12,fe7f74b8-20f4-4471-91dc-4cca8c68e5c0,Primary Tumor,TCGA-BRCA,3974a62d-d399-42f3-b550-336e793b0cfe
TCGA-A2-A0EU-01A,-0.5770054996114901,-0.2196305014650715,15,12,c0427237-b476-4af4-b664-7bd479922ea5,Primary Tumor,TCGA-BRCA,c7019746-2fcf-4b4b-b7e5-025413e1014f
TCGA-EW-A1P0-01A,-0.3206596170691165,-0.5852979251758643,15,12,81e32f39-3aa0-468b-87ed-dd2eb6165ddf,Primary Tumor,TCGA-BRCA,dcac8f3c-d282-4ac9-9194-b1461966c795
TCGA-E9-A295-01A,-0.3969212661284728,-0.3032719912434668,15,12,fec0da58-1047-44d2-b6d1-c18cceed43dc,Primary Tumor,TCGA-BRCA,477f941f-1fb8-438f-802e-2e7fe6552fab
TCGA-S3-AA15-01A,0.32043761628524153,0.28042232356542024,15,12,e783e518-c1e5-4eac-8eaf-e2d65ccd9692,Primary Tumor,TCGA-BRCA,a572e59c-096f-4054-bbb4-90f2e2461d99
TCGA-C8-A26W-01A,0.8822742668506083,0.6700039747544051,15,12,ff0f875f-113a-4c0f-8c0a-4259cd496e6d,Primary Tumor,TCGA-BRCA,800ca72f-4bd7-46d7-904b-bcda2fa3500c
TCGA-A8-A079-01A,-0.647179437978622,-0.5617104699408014,15,12,31c31cce-1b4d-4f12-922f-84f389403170,Primary Tumor,TCGA-BRCA,16786247-5ff5-47e0-83e2-fee15779e522
TCGA-B6-A40C-01A,0.10805677071696627,0.7506868040428932,15,12,fd0b1b8b-1a76-480a-b61c-d176e4e02c6b,Primary Tumor,TCGA-BRCA,641c4e5d-4880-4f5e-9d1e-702cab91a6b4
TCGA-E9-A2JS-01A,-0.25723874154840387,-0.03381976241575341,15,12,4a831893-f4ca-4357-a756-b5e954e35dd7,Primary Tumor,TCGA-BRCA,2ea0b718-c634-4692-9cf0-4f118adfafbd
TCGA-A2-A0CW-01A,0.6559588631290062,0.05663915360217043,15,12,32efa6e8-6b19-480a-9d04-ace02e93318a,Primary Tumor,TCGA-BRCA,5aba8f7f-c815-45e9-bee0-4dda9bfac07f
TCGA-A8-A09R-01A,1.1719553109675414,0.8661232156274178,15,12,cb0a2055-2168-4454-8755-47dd613db36f,Primary Tumor,TCGA-BRCA,577dde85-20c6-44c0-bf77-bda22a7f58c0
TCGA-AN-A0FV-01A,-1.2381504706118374,0.06851508180864456,15,12,2e8e70f2-c781-44c2-8f12-1f8c2f536aa3,Primary Tumor,TCGA-BRCA,a4589532-53e0-4025-b8d3-e11e79e1fc9c
TCGA-AC-A3YJ-01A,-0.4183684067032276,-0.7825958559445136,15,12,86cf879e-3b40-44dd-aaa7-6f49f54a15d9,Primary Tumor,TCGA-BRCA,6d17023b-03fd-4e66-9c7e-72395f09e87f
TCGA-C8-A26Z-01A,-0.8413895529418259,-0.09210995938403306,15,12,dc11b1c7-1f00-4813-b4b5-ecf776b2eb37,Primary Tumor,TCGA-BRCA,39e5a93f-7474-44f8-974a-7ce44f909002
TCGA-AR-A24R-01A,0.6128312389581141,0.3595963919468054,15,12,db62d9c7-8343-4771-84fc-146d2e307bb8,Primary Tumor,TCGA-BRCA,7e035247-3586-443f-a94c-0addbaf3b17f
TCGA-LL-A7T0-01A,-0.11413610125085324,-0.2683652990795775,15,12,d8f8064f-02ef-4fed-942b-714cbe5e8455,Primary Tumor,TCGA-BRCA,515f8866-8744-44d8-9e4b-0e734d0c201b
TCGA-E9-A1R7-01A,-1.093996463151934,-0.5335811109899421,15,12,2680da86-c977-4611-b75f-df015283c023,Primary Tumor,TCGA-BRCA,86d6bd3f-d1a8-4b12-bd4f-009cd707ad8b
TCGA-GM-A3NY-01A,-0.04708623428867189,-0.30254641293840695,15,12,bd5374c9-7f36-457f-b66b-7cc7ff64224e,Primary Tumor,TCGA-BRCA,ea7281b8-a53c-453a-93e9-69549c5f0fe8
TCGA-D8-A1JB-01A,0.993085933767255,-0.022265894997777546,15,12,dd96a9c7-899c-47cd-a0f9-b149ed07a5d6,Primary Tumor,TCGA-BRCA,5039a492-4dc7-4191-9edd-187cb181da2d
TCGA-E9-A226-01A,-0.7025459042786283,0.3754828556660476,15,12,dd67408e-46ba-4573-9415-d4814e9f84de,Primary Tumor,TCGA-BRCA,461fda5d-d6e6-4354-b035-c302cc43b03f
TCGA-BH-A0DL-01A,1.1694778548464688,0.5078421264048787,15,12,ba39bfbc-5cac-4f6c-b55c-4eee3466ee93,Primary Tumor,TCGA-BRCA,683e004b-7992-4250-a94b-c355c45725d2
TCGA-A7-A5ZX-01A,-1.0328590268819344,-0.06969798011055034,15,12,ba80db4e-d899-4da4-ae49-5263d98e1530,Primary Tumor,TCGA-BRCA,934aa789-6d42-4b2d-8a74-7d482d79ed8b
TCGA-A2-A1G1-01A,1.3435067581939464,1.0193302667532458,15,12,75b5529b-565a-4eba-918a-910b2f441d32,Primary Tumor,TCGA-BRCA,269215ae-9040-4ac6-9d3d-017c0cbb2811
TCGA-JL-A3YX-01A,-0.8652564308362011,-0.023767170947179422,15,12,75f6e476-233a-409c-a3ef-0240be569813,Primary Tumor,TCGA-BRCA,5064b439-81da-4ef3-b2de-bbca8d3a07e7
TCGA-OL-A66H-01A,0.4005986560008296,0.12444766828439852,15,12,76bd9bb9-9a8b-4a90-bb7c-eafe76472ee4,Primary Tumor,TCGA-BRCA,ec2687cf-9496-4232-9a96-41b935d6ffb3
TCGA-D8-A3Z5-01A,-0.42074103799451135,-0.7803939104127906,15,12,77e25ae8-82ec-4dea-8e62-1176f27e47ba,Primary Tumor,TCGA-BRCA,19318058-604e-4c3b-a037-eab07708ff82
TCGA-OL-A5RZ-01A,-1.9449203993706337,-1.1366892228595782,15,12,7e8713bd-0b17-4f09-9696-bc29707d862b,Primary Tumor,TCGA-BRCA,0fc096b2-7fb5-4dc6-ae94-aa7dae6f885f
TCGA-A8-A075-01A,0.6154309242930771,0.4713683322230883,15,12,7861a5f2-8910-4bcb-9c34-f79c5acd6e21,Primary Tumor,TCGA-BRCA,27aab1a6-96af-4dc1-b9ce-4690ead0d355
TCGA-B6-A402-01A,-0.5224596607301544,-0.4623138280423463,15,12,75b3fe55-1a63-426e-867e-2ef52f54778d,Primary Tumor,TCGA-BRCA,c4ceaaf8-4803-45d7-9937-42d25db60148
TCGA-BH-A1FM-01A,-0.9692860319915797,0.21949871450546554,15,12,7eb18190-5a41-4637-9783-f81bbde499e4,Primary Tumor,TCGA-BRCA,a3e73f16-dc65-4c2e-9846-052b8fae144c
TCGA-BH-A0C3-01A,0.2082866525116301,0.46074821989721565,15,12,7bcf6d42-eb8f-4aa2-825b-38671d4f9e3a,Primary Tumor,TCGA-BRCA,5461f36b-c2a2-4a6a-8b17-444c143655fc
TCGA-E2-A15M-01A,1.5417782587392481,1.4423040748388518,15,12,59be60a3-e0f6-4d63-b98c-574ef92428c4,Primary Tumor,TCGA-BRCA,309dcac2-7efa-467c-9dc7-222c130b0fec
TCGA-E2-A9RU-01A,-0.5965340694315197,-0.8457007395387005,15,12,6f18f96e-c0c9-4cc4-9fb2-cba8949d5402,Primary Tumor,TCGA-BRCA,6487c7e6-38ad-417c-8009-6c899fe74a64
TCGA-EW-A1IW-01A,0.0201315631591996,0.365302511242304,15,12,5e2cbc56-97f9-4b94-ade2-a3f739bcc7be,Primary Tumor,TCGA-BRCA,a835cfe4-9359-4178-9c9a-44ecb4173e47
TCGA-A2-A0EN-01A,0.9873483103690267,1.1860026415630085,15,12,5e670fec-8992-44bf-8657-f7f9a272306b,Primary Tumor,TCGA-BRCA,e4f80aa3-eace-4ab4-afff-69d952ed5442
TCGA-E2-A1L9-01A,0.2440726869072254,1.1323621987879142,15,12,5ea18514-51ad-4844-abea-15e82f0b10c9,Primary Tumor,TCGA-BRCA,ea01e210-0d45-4c23-8644-904771672188
TCGA-E9-A229-01A,0.6648198652115628,0.9711273123570813,15,12,cea9d8f9-e18c-4947-a461-5f712e3c1e6d,Primary Tumor,TCGA-BRCA,6129ca9a-5466-4cf5-be19-a4e3134659cb
TCGA-D8-A1Y0-01A,0.8887425705048885,0.9118267491597131,15,12,ced2c048-b047-43ff-b0e7-cd7ad480850c,Primary Tumor,TCGA-BRCA,6084a2ac-a342-4378-b4ba-a2d7e6af9124
TCGA-E2-A14T-01A,-0.5766531512679227,-0.06622305572371347,15,12,e0929c47-cff3-4518-a188-8764af01073a,Primary Tumor,TCGA-BRCA,7ae79f8e-a8fa-4030-b46a-458db80a36c1
TCGA-E2-A1B6-01A,2.238247523110832,0.2987805228874814,15,12,e0b1bcd2-1139-44b9-98b3-67bcf92bcc39,Primary Tumor,TCGA-BRCA,c28e4bbf-6ddc-42fd-9268-826edc17aee5
TCGA-AN-A0FW-01A,-0.22713663545060114,-0.11547333473632453,15,12,e112b452-8850-4353-bfed-0dbdc243290b,Primary Tumor,TCGA-BRCA,1dacccf9-58ae-490f-9f3f-31c82f93b3b8
TCGA-D8-A1X7-01A,-0.5740886402223921,0.054838876001191084,15,12,cdab777e-62de-4d51-92af-b6eb089c111f,Primary Tumor,TCGA-BRCA,cdd283b5-8dea-4736-859c-f1a2bbda57c2
TCGA-AO-A0J7-01A,-1.2120520208824106,-0.9460442900375949,15,12,9536bec0-dae0-4d63-a1b3-956741835243,Primary Tumor,TCGA-BRCA,cbbbb1af-8bf4-4bb6-9258-33bf416190e7
TCGA-AR-A1AP-01A,-0.024142873645387714,0.18214669662020297,15,12,9495f029-9882-4c9b-a557-b3aec9e91698,Primary Tumor,TCGA-BRCA,5728b421-9832-417b-8963-b7b17decc58e
TCGA-D8-A1X9-01A,0.8489681603859847,1.0401397474024436,15,12,34a74805-300c-4773-ab59-2085fcc2e6cc,Primary Tumor,TCGA-BRCA,3728cb73-4a8a-4392-8140-f027ad876cf2
TCGA-D8-A1XQ-01A,1.3128453683757793,0.7546663175165244,15,12,3886b4fb-ba22-4a50-b11a-a6893951f170,Primary Tumor,TCGA-BRCA,ec7b77d4-41a2-4892-be79-23cb24f986d3
TCGA-AN-A0G0-01A,0.04621304017194183,0.07632340769722738,15,12,96312510-c126-485d-8109-ed81844a1dc3,Primary Tumor,TCGA-BRCA,e94299a9-67bc-4c30-963c-1476fbb7d5ff
TCGA-A2-A0CU-01A,-1.02565317634351,-0.2860936250374224,15,12,332423a7-8866-4ee3-b08f-3c8d7c16af80,Primary Tumor,TCGA-BRCA,1dd898ab-3b85-4932-b889-0eb0a494f2b6
TCGA-A8-A0A1-01A,0.33709762003995575,0.15470130144207417,15,12,3efa245d-177d-4ef9-94f7-f554c54e345e,Primary Tumor,TCGA-BRCA,121a48ed-798d-4102-bb8f-e736570e18d6
TCGA-A8-A08R-01A,1.0886161366703275,0.6647222650264996,15,12,6412854a-f874-469e-9d1f-8bd3ae5bd41d,Primary Tumor,TCGA-BRCA,f6cb208f-cc43-4245-8392-dc5ada57bb9b
TCGA-EW-A1OX-01A,-1.257847270143839,-1.601436609068508,15,12,5fc7ff35-d3f7-4687-8759-3542bd58e988,Primary Tumor,TCGA-BRCA,6f3bd40b-98b5-431b-a0b3-c7767b479d7d
TCGA-E9-A228-01A,-0.918291062075861,0.19336200708367557,15,12,b95eef8a-205f-4cf8-9d3c-ae51d406e1e0,Primary Tumor,TCGA-BRCA,74b16304-eb3f-4311-9b2e-dbf5eac89b44
TCGA-A8-A094-01A,0.3619637912936629,-0.23347120974141145,15,12,993103b1-e5a1-4c33-8629-be53ebc41d64,Primary Tumor,TCGA-BRCA,0c279a15-1250-4923-bcde-96cc3fd32d42
TCGA-AR-A254-01A,0.9000634064696835,1.0387203202243398,15,12,6014a582-d22e-46e1-9000-c8e2fbad7acf,Primary Tumor,TCGA-BRCA,bdee019c-38ae-4686-84fe-2454ba4c70dc
TCGA-D8-A27L-01A,0.3620023163423984,0.9352134902315054,15,12,6020d1b4-ee20-4cc9-82a3-340b5e3122f1,Primary Tumor,TCGA-BRCA,26702590-872f-4e36-a631-ee6cb3f61ec4
TCGA-E9-A1N9-01A,-0.4736898532819553,-0.21983120310661844,15,12,994ca1f5-ad10-44ec-aa21-71fc2940653b,Primary Tumor,TCGA-BRCA,4c57cb4f-b4dc-4cfa-9af5-1447422c5b95
TCGA-A8-A08A-01A,-0.22045975514663274,0.0914854205206685,15,12,7fe4670d-4626-459d-869b-ab15f478c6a7,Primary Tumor,TCGA-BRCA,2a73a18d-eca4-475b-9c37-283feb92915f
TCGA-E9-A249-01A,0.08040915725025224,0.10424297650198695,15,12,fb3607eb-858e-4ecd-8477-95140658c6d2,Primary Tumor,TCGA-BRCA,76d94448-4fd0-4476-af15-3c845d70851d
TCGA-AQ-A1H3-01A,0.19781601012902594,0.537530558893931,15,12,82ec33dd-e783-4c74-9a87-797a699e11df,Primary Tumor,TCGA-BRCA,77cdf045-d52d-4cc1-b2f1-e2b0d106af0f
TCGA-AO-A125-01A,-1.3457988526261713,-1.5287977021073234,15,12,8577ffcb-242e-40e2-98d4-2831d952be34,Primary Tumor,TCGA-BRCA,3e0cc1e4-0882-4e9b-9373-34bcbce097d7
TCGA-BH-A1FR-01A,-0.44286348321260915,-0.3238984718402725,15,12,bf3b1481-ae31-4406-b084-b6cc1d7163e3,Primary Tumor,TCGA-BRCA,56081713-6249-4a3f-8498-277e688d1ec9
TCGA-BH-A42U-01A,0.6201747896764747,0.10339200762183304,15,12,2dc1cec9-925a-417f-9e21-3c2143e711b4,Primary Tumor,TCGA-BRCA,893122aa-117b-49a4-a81c-1229dde4d78a
TCGA-C8-A12O-01A,0.22892469291441472,0.765774407287965,15,12,83f26720-007c-42c9-a7de-7484bf8afa89,Primary Tumor,TCGA-BRCA,892928f7-8239-4d15-812b-046f9192d7de
TCGA-A7-A13H-01A,0.6086078709219925,0.26035077078479163,15,12,2e243f0e-9d7d-4cb0-9678-70607f90430a,Primary Tumor,TCGA-BRCA,270356b5-f258-49b3-a850-16ea88ec6c76
TCGA-AC-A3W5-01A,0.6163691996275277,0.8448687731666952,15,12,4c313e5b-4dc3-408e-8e92-22427f74743e,Primary Tumor,TCGA-BRCA,5e863e9f-1449-4a38-ac00-cfd7c21ba6e2
TCGA-A2-A0EM-01A,-0.5747395770242645,-0.06674698423466706,15,12,2fdfd287-d13c-4910-9788-73987d45908a,Primary Tumor,TCGA-BRCA,24c5fcbb-019c-4636-813b-0b9d4d1d9501
TCGA-A7-A4SD-01A,0.9357859731001498,-0.20477981081701677,15,12,8c09f413-e938-4f2e-a414-84f0e7fcfe41,Primary Tumor,TCGA-BRCA,4b8ef410-8612-4c64-839f-47770deba446
TCGA-BH-A1ET-01A,0.3138239576331532,0.7972646121907149,15,12,8986a141-eae7-4157-b695-02cc6fc3b071,Primary Tumor,TCGA-BRCA,7cf427fc-2c7c-434b-84c5-9ea118da110f
TCGA-OL-A5DA-01A,0.2303945560942653,-0.46718719857652974,15,12,4e509f73-99c7-48eb-a3a4-d34e3bface33,Primary Tumor,TCGA-BRCA,9d535d7d-0fff-4134-be8f-daa6d687a48c
TCGA-AN-A0FK-01A,-0.5199090053545118,-0.28334587323467814,15,12,2f4cbedf-ed7e-45a2-bf34-f1d1e696bdde,Primary Tumor,TCGA-BRCA,82d46633-2eea-4b43-81b6-addab4f069b4
TCGA-AO-A126-01A,-0.15468378228242977,-0.1282577821158393,15,12,cc0902fd-a2fc-4327-929e-d4219e32e1d7,Primary Tumor,TCGA-BRCA,3841a099-bf19-4891-9b12-5db1d699e922
TCGA-BH-A0HB-01A,0.3213553915287151,-0.4684292277955951,15,12,0c1023c0-d2ce-4940-8047-7642f1dc3965,Primary Tumor,TCGA-BRCA,519039a7-141e-4367-a6eb-e9307136daf3
TCGA-BH-A0DD-01A,0.21393701327773124,-0.2624877047556831,15,12,dba9beec-5e51-48c0-9229-0ee286a02a1a,Primary Tumor,TCGA-BRCA,fcb1b40a-85c0-498c-881e-7161edcf39e6
TCGA-B6-A1KN-01A,0.27163928143832916,0.31579044277391694,15,12,271404de-24e8-43f6-806b-fb510c1124c4,Primary Tumor,TCGA-BRCA,235a9719-23a6-48b5-bbb1-248dbec23a35
TCGA-A7-A26H-01A,0.3578319752242833,0.797162689587358,15,12,dddd8e2f-e540-418a-b02e-698d18a12c14,Primary Tumor,TCGA-BRCA,b2fdef29-2c03-4aaf-bac8-2e1e5d07333b
TCGA-E2-A1IK-01A,0.40075949823847196,-0.9347300814783726,15,12,becedbfd-b2aa-4dde-b7f4-29e6f59ec32c,Primary Tumor,TCGA-BRCA,4bfe1281-919d-47ee-afc7-2b373b113674
TCGA-C8-A26Y-01A,0.35688922567036874,-0.018849365464648767,15,12,4d51159f-ab2f-40e3-a363-847c3654431e,Primary Tumor,TCGA-BRCA,e8d97ce6-190e-4189-a148-5a8d9f4215c3
TCGA-D8-A1JI-01A,-0.7287024963377784,-0.6672898037395268,15,12,baf2afc8-f16c-488f-947c-efc9083c6bef,Primary Tumor,TCGA-BRCA,fad07753-c9c6-4eba-8f43-09740bff6d69
TCGA-BH-A0GY-01A,-0.19275570543242138,0.1964285769392947,15,12,7d9d3522-ec3b-4efe-8c8e-c0e675276ef5,Primary Tumor,TCGA-BRCA,0ca579b1-763e-4f6a-a071-c6514aaa2f11
TCGA-A1-A0SM-01A,-0.6207924252202107,0.45428059223407624,15,12,784de7ac-8424-42eb-83d4-a1bebaa42b97,Primary Tumor,TCGA-BRCA,e38111a3-54f9-4229-8803-fc74e0c12c55
TCGA-D8-A3Z6-01A,-0.404450013058217,0.36672177637663245,15,12,a6e5f869-1182-4f81-b4bb-cf55261c8f3f,Primary Tumor,TCGA-BRCA,0682b5b9-8529-4152-b6f9-1a13180eedee
TCGA-BH-A0DE-01A,0.11085328254687742,0.36479549697957014,15,12,7f0bbba1-9bc3-45db-bdda-eb3319bb15d2,Primary Tumor,TCGA-BRCA,3173d46f-7344-41e4-bd4c-027fe5b5ec06
TCGA-B6-A0RP-01A,0.2733232536100786,0.5781708668789104,15,12,451e1a67-47e6-4738-99d7-fb7771ef61a3,Primary Tumor,TCGA-BRCA,8256e097-4476-4906-a5c5-c9da288a363a
TCGA-WT-AB44-01A,-1.2864465266062561,-1.0929696701986866,15,12,5cd79093-1571-4f71-8136-0d84ccabdcac,Primary Tumor,TCGA-BRCA,0a7dc8b9-4196-41d3-ada1-a50cb36bfd2b
TCGA-BH-A8G0-01A,-0.2544167242183802,0.29593640228628876,15,12,59d60247-e549-4326-a672-50b05c13a291,Primary Tumor,TCGA-BRCA,e58f3dde-82f6-4a5d-9909-8f5659a26915
TCGA-A2-A0T7-01A,0.12185686618935623,0.39297055649965423,15,12,43d5632e-7272-4aad-9496-7f5a99671223,Primary Tumor,TCGA-BRCA,6bd03014-d3b8-4cac-929b-af970321ae1f
TCGA-BH-A8FY-01A,-1.2840273239025597,-1.3480203152012935,15,12,5f4d16aa-9cc4-4edb-b714-394e2661439a,Primary Tumor,TCGA-BRCA,bdf5a2b7-f9cb-4668-9687-1db0541bdfe4
TCGA-AR-A0TQ-01A,0.8789515046394012,0.7511992785969422,15,12,5dc1bee9-c44d-4fdc-9ae5-83426c4d6880,Primary Tumor,TCGA-BRCA,82255740-abaa-47b3-9def-89b0673d1cfb
TCGA-AO-A0JM-01A,-0.23687862578291347,-0.15564403489945325,15,12,44bec761-b603-49c0-8634-f6bfe0319bb1,Primary Tumor,TCGA-BRCA,cd9fd232-1d69-4ef0-911d-28130243994f
TCGA-AC-A3QP-01A,-0.12900606315092786,0.22048413992331098,15,12,6f4c8d30-47fb-47df-9eb7-4e5881e3711e,Primary Tumor,TCGA-BRCA,4e261db3-6727-49bc-8a2e-77a7a30b4fa7
TCGA-C8-A273-01A,-0.23462218423103304,0.37104081328195687,15,12,5a5f0f48-2b13-4e78-b130-901b85d9a7f3,Primary Tumor,TCGA-BRCA,31180222-da6e-4106-9b49-09be93d68138
TCGA-D8-A1XF-01A,-0.45245235726265753,-0.9593545542368463,15,12,6f6afd31-b5dd-48ab-b18f-6390ba18a5f0,Primary Tumor,TCGA-BRCA,a39defa6-87ec-4855-ab78-44f6b46152e1
TCGA-A8-A07P-01A,-0.40068505871523236,-0.06657671990175466,15,12,8cccf160-93e9-48a5-9b8b-54aa50153142,Primary Tumor,TCGA-BRCA,c2c7669c-0eea-48a8-add8-bd5ea3f9808f
TCGA-AO-A0JG-01A,0.9398132842725208,0.43072870443523964,15,12,58959e88-54e2-4558-9664-2effda7403dc,Primary Tumor,TCGA-BRCA,e94ef671-995d-452b-bcbe-993e5b437a68
TCGA-AR-A251-01A,0.5158020916635413,0.924127159986671,15,12,8c51bbcb-7c8d-47ad-9193-70ca157c6900,Primary Tumor,TCGA-BRCA,416defdf-a4f7-4305-97ff-d3b3ebce672f
TCGA-AO-A12G-01A,-0.5345946408641374,-0.046486455438599826,15,12,58c56d4b-3f85-4aad-a779-5f9e1791677d,Primary Tumor,TCGA-BRCA,bf26a3fb-39a8-4eff-b801-a7dd915e73f5
TCGA-C8-A275-01A,1.3129953628061777,0.5594429742618219,15,12,ce887e90-0660-4f44-a3a4-b3b894cb7eda,Primary Tumor,TCGA-BRCA,f35ae5c7-6e88-410d-b86f-c5bdae11a5f4
TCGA-BH-A0DH-01A,-0.09594866950522926,-0.4758365269056817,15,12,491b6364-1223-474f-816f-e248c8c841e2,Primary Tumor,TCGA-BRCA,73aeda8d-ef07-4d3d-a0fc-643943dd046a
TCGA-BH-A0HI-01A,-0.3093036250108851,0.34127408281318017,15,12,e0375a8b-a135-4103-a59d-39063fcf4a6f,Primary Tumor,TCGA-BRCA,36a42825-dbc2-4dff-828c-e5008207d254
TCGA-E9-A1R3-01A,0.26341902957470903,0.9578102601275337,15,12,4922cddc-575c-4b8a-8245-ce5f6876760c,Primary Tumor,TCGA-BRCA,0094f9d0-45ec-4aad-bca0-71c60bdd7113
TCGA-B6-A401-01A,0.051942058112062296,0.4655137748976856,15,12,48ff0420-0f19-4e9d-a75d-6c54949a461a,Primary Tumor,TCGA-BRCA,e2b3728b-9827-4a13-b52c-caabd58f902e
TCGA-E9-A22D-01A,2.5792203630080364,0.7956675553954805,15,12,cf0a3f38-5850-44e1-8574-808bd37d84a3,Primary Tumor,TCGA-BRCA,82fea6e8-7c6a-4575-bfcd-c164094538e6
TCGA-A8-A07O-01A,0.43944656416675426,0.32377024203826593,15,12,cf9db1af-17f0-490e-8139-142bd704763a,Primary Tumor,TCGA-BRCA,d1237195-a00b-4c52-86b3-4627c42eb14c
TCGA-MS-A51U-01A,-0.1258240436187139,-0.06719287423740174,15,12,910655da-2c12-4572-96b7-ded616e69b4b,Primary Tumor,TCGA-BRCA,dad6be14-a519-478d-9f53-122417453a0e
TCGA-LL-A6FQ-01A,-0.16709307525472633,-0.7930616476224893,15,12,92b842c5-f71b-4ef7-ba86-358d28e0966f,Primary Tumor,TCGA-BRCA,21836f98-cc95-46d3-8f40-6c9625f940ba
TCGA-LL-A8F5-01A,0.5543580401544888,-0.288759464069351,15,12,e1786e78-ac46-46fd-8ce0-8f7456e46082,Primary Tumor,TCGA-BRCA,1d8697f1-4e89-4987-b26b-a29d791f19ca
TCGA-LL-A50Y-01A,-0.5216674053610445,-0.5952883814987567,15,12,91da548b-5c64-49c3-a44a-1ef115f53311,Primary Tumor,TCGA-BRCA,3253f315-5ea3-44fc-899f-f9e8f5b6fa96
TCGA-A2-A0YK-01A,0.985511537138279,0.7785039885200343,15,12,8f34cb4c-5798-47a0-89a1-f0ee26a8ae93,Primary Tumor,TCGA-BRCA,55f42211-4119-40a3-b5e4-329e913ef910
TCGA-OL-A66J-01A,-0.5729767798747623,-0.10522503714707672,15,12,96e1fc6d-693f-4f4f-b5f7-8d6e1c6c43f8,Primary Tumor,TCGA-BRCA,de397789-9ff5-4cb0-be88-957477820714
TCGA-A8-A092-01A,-0.22622917399441744,0.17622356981223883,15,12,38a8b734-9acc-42f9-b5b7-e51b0dfc6504,Primary Tumor,TCGA-BRCA,c7db3ef0-0440-4fcf-a18b-c70b3f88e327
TCGA-HN-A2OB-01A,-0.8736253220167113,0.11196717188083771,15,12,61204cdf-3b1c-44a1-bda6-0fef1ac4a333,Primary Tumor,TCGA-BRCA,18340589-696e-4f56-80c2-dc7d7428c471
TCGA-AC-A5XU-01A,-0.2191780541718515,0.10075280295953408,15,12,97677fd7-8523-48c5-a8ce-614fd4010551,Primary Tumor,TCGA-BRCA,46933fec-1800-4da5-814c-30cce4ae2fb5
TCGA-AR-A2LH-01A,0.555699422261833,0.06019503967755971,15,12,376ffe63-efd7-42af-90e1-261255b28bb7,Primary Tumor,TCGA-BRCA,f7e414a0-c2ca-40c7-a7a0-282d80247fa0
TCGA-OL-A6VO-01A,0.6003546891424674,-0.4196873546724305,15,12,398fb71b-ca83-44e7-bf0d-b1ca464b0283,Primary Tumor,TCGA-BRCA,4a2ad226-ed26-4f81-af7d-9d8b6db7cdd4
TCGA-BH-A0AU-01A,-0.03488067825476116,0.11002516857025325,15,12,360d1d6d-cf3e-4c78-b36f-ef5e3160aa6b,Primary Tumor,TCGA-BRCA,8c884351-1c8b-47ff-8bef-1a4f25f645fb
TCGA-AO-A0J3-01A,-0.0979549622254032,-0.9826746492631776,15,12,39cde586-df95-435f-b9a6-73b0c0ee5e92,Primary Tumor,TCGA-BRCA,5d720a05-3673-45be-9163-08e0fc332f80
TCGA-AR-A1AU-01A,-0.6446557354177157,0.030939510198525907,15,12,36220587-1c1c-4f92-b177-3b2155e7e273,Primary Tumor,TCGA-BRCA,2377e521-919f-4f6f-b426-ddc993775597
TCGA-GM-A4E0-01A,-0.13459425907510816,-0.2879544287716124,15,12,6397d7bc-9cb1-4a84-81ad-76954e0a8cee,Primary Tumor,TCGA-BRCA,131d96e3-0799-4956-a752-dc244a05c493
TCGA-E9-A1RH-01A,-0.22085543306579974,0.10975264370208115,15,12,408cb583-6dc3-4698-8bd2-e284042bd5ef,Primary Tumor,TCGA-BRCA,0d140db1-dc0d-431d-b389-846d05bbb827
TCGA-C8-A12N-01A,-0.26049761239794805,0.4622455180727167,15,12,b8a615f9-d19b-4b09-8ec8-0674e5c648cd,Primary Tumor,TCGA-BRCA,e18e1661-70dd-4b36-ae6c-c0265fbe01bb
TCGA-C8-A12U-01A,1.06033032602168,-0.8134430551728976,15,12,97b5f490-1cd9-4833-b903-5f4c6e45670d,Primary Tumor,TCGA-BRCA,318c3a49-64bc-4704-8739-d4cf31cef51f
TCGA-AQ-A04J-01A,0.558226512110219,0.6292640497856429,15,12,9938ce5c-e74e-446e-a932-f096f85cc3b1,Primary Tumor,TCGA-BRCA,eb914a22-6e3f-4296-89d4-a960902fba2b
TCGA-AR-A2LQ-01A,-1.0198428124945693,0.551161078790736,15,12,4229e432-6ac5-49d2-b58a-e8713ddb79bd,Primary Tumor,TCGA-BRCA,908283cf-b948-4474-906e-bd07195d0805
TCGA-E2-A10B-01A,0.27660351077365636,0.2824830086941383,15,12,f801aeed-dc43-49d7-a319-84c8851979d9,Primary Tumor,TCGA-BRCA,2e7a0005-4efb-4121-91d9-c2ca2cb5201d
TCGA-C8-A12Z-01A,-1.1226435538397799,-0.3845133680961333,15,12,42621dfa-abfd-4c7d-8bc5-a02a09d1c2b4,Primary Tumor,TCGA-BRCA,51948358-b1bb-46d7-a25c-8d3fe81557f0
TCGA-E2-A2P6-01A,-0.48766388959322443,-0.42222175475792145,15,12,f83b866b-0b2e-4bba-9367-be6dccf56232,Primary Tumor,TCGA-BRCA,115d8b96-f3ac-4e6f-a975-60b71b32531a
TCGA-BH-A0HY-01A,-0.6397723334714517,-0.16141215879460044,15,12,844ad251-3ee4-42f6-ad00-59a7a1670eea,Primary Tumor,TCGA-BRCA,1deadf31-dc7d-4361-8041-ab0a27edebb3
TCGA-S3-A6ZF-01A,0.3728597891125575,0.035671224284496185,15,12,fbee40f1-d6d8-4156-8d42-36e09bb9f095,Primary Tumor,TCGA-BRCA,6d0f2c52-47f8-4032-8468-38dcc578ed6a
TCGA-A8-A086-01A,-0.6010991398814431,0.287015825866142,15,12,f9eb88f7-9293-46bf-ace4-a746e4ff80dc,Primary Tumor,TCGA-BRCA,ffeede9a-d9a9-4836-8c56-39f12a5fde0e
TCGA-AN-A041-01A,-0.5594254072636746,0.41130831325193573,15,12,316e021c-5175-4ab3-bdb6-2bf9683f657a,Primary Tumor,TCGA-BRCA,80563e43-422f-458b-a543-6b1dad9171e5
TCGA-A2-A0D0-01A,0.6990806413523133,-0.8789698337336752,15,12,324bcba2-f6a4-45a6-807c-215bdffcca21,Primary Tumor,TCGA-BRCA,d2a12641-a25f-4aab-99a4-433cf664ae73
TCGA-AQ-A04H-01B,-0.5517269173361735,0.20584512900282526,15,12,83f943c7-3975-4b4f-985d-9c057741793b,Primary Tumor,TCGA-BRCA,895b7107-2c08-4106-b119-6fbb597392da
TCGA-A1-A0SF-01A,0.2397603781279992,-0.31725415020866815,15,12,4b620966-b4c7-4615-bf58-ca9d3226b9bd,Primary Tumor,TCGA-BRCA,4ef93d93-a6c6-4137-944c-6092e4ff7ae9
TCGA-A2-A4S1-01A,-0.3964555718824917,0.3122195061270322,15,12,843c8f16-5e59-40d4-9ecc-8a75375156f6,Primary Tumor,TCGA-BRCA,dcf2138e-b0f7-4b2e-b535-d463819f1b24
TCGA-A2-A04U-01A,-1.2172642283755684,-0.9561119120271208,15,12,1c3610f7-e0aa-48d7-9a27-0dbaf6e244f9,Primary Tumor,TCGA-BRCA,0ed77a2e-a2c9-4557-8ba3-2c8bade9b792
TCGA-EW-A1PA-01A,-0.4630130817722366,-0.4080509873972227,15,12,4cfef7f9-f1ee-401c-a2a3-c225d4adc3b6,Primary Tumor,TCGA-BRCA,8b885bee-44ab-40ce-bc3e-18ef36fa35ae
TCGA-A8-A08T-01A,-0.6714544541503665,-0.143306392537603,15,12,32bc7cc4-d185-4594-bbee-4b96410be512,Primary Tumor,TCGA-BRCA,8603da6b-3bb9-4fff-b409-c5af2afd53b3
TCGA-E2-A154-01A,-1.423042938359241,-0.4735071255700998,15,12,24e39609-9645-43e5-960b-db5446eaea65,Primary Tumor,TCGA-BRCA,84e36620-ae1e-4221-84c9-3a6f1d11606d
TCGA-E9-A227-01A,0.5882769407866456,0.28046574018024834,15,12,89a8da07-4487-47c6-8d3c-442a87e4f632,Primary Tumor,TCGA-BRCA,295d363f-0366-4102-a35c-86e4a4fe7d84
TCGA-5L-AAT0-01A,-0.10530769814439266,-0.34600067087344805,15,12,86c6f993-327f-4525-9983-29c55625593a,Primary Tumor,TCGA-BRCA,a1a6d1dd-a1c6-4c5c-b54d-42de80680bc3
TCGA-BH-A18J-01A,-0.4738304146775627,0.1319380993258112,15,12,cc074b7f-d3b2-4880-902e-bf10e667b665,Primary Tumor,TCGA-BRCA,561bb38a-f9b8-4a0a-b03b-fbe70859869a
TCGA-BH-A0E2-01A,0.0811548911845297,0.0029590697921103026,15,12,8ace3b8c-f23e-48a9-a137-9e046bd9549b,Primary Tumor,TCGA-BRCA,0f1bec43-6235-4390-a148-e7038126c0c8
TCGA-AR-A24U-01A,0.7110671069505788,0.8510161421689433,15,12,241fffc8-4250-4cfa-b2e7-e68c33ae07dc,Primary Tumor,TCGA-BRCA,7af23ba7-e5bf-41b9-b91f-5709321dadb7
TCGA-GM-A2D9-01A,-0.8570207502389936,-0.8076478490422403,15,12,1133b8a9-6b11-4511-b70a-f200e3b8b5db,Primary Tumor,TCGA-BRCA,fae4edd8-db77-4937-94c4-3b16d39fb8c9
TCGA-D8-A1JE-01A,0.25611574902591333,0.751206699015682,15,12,115bc72c-116f-40c1-be9b-e3dd7650efae,Primary Tumor,TCGA-BRCA,f377c267-d5eb-4542-bd0d-e87f957f3154
TCGA-AO-A03L-01A,0.274457661746052,0.2672254345062518,15,12,1174f6e4-ffbe-4e59-a000-8d861c968369,Primary Tumor,TCGA-BRCA,79f97f73-b650-49cf-8654-53038a6c0de7
TCGA-BH-A0DQ-01A,-0.31068457349741857,0.32011107479017253,15,12,a851ca14-7bbf-455b-a054-ec03979a4247,Primary Tumor,TCGA-BRCA,c642f518-6ba5-4c90-9f0c-0bad0ed80199
TCGA-C8-A1HJ-01A,0.21906614715804837,-0.19329678938840203,15,12,a855c228-a263-44df-87a0-cbc32187e3f5,Primary Tumor,TCGA-BRCA,f9fe6c47-0955-432f-b402-a6dc2665e04d
TCGA-C8-A1HL-01A,-0.9941162843122788,-0.19564083073214175,15,12,a8a199c9-d781-4e6c-af8c-c85d60c7cd40,Primary Tumor,TCGA-BRCA,54dcd665-8138-4cab-8622-224d7066d466
TCGA-BH-A5IZ-01A,-0.49157202791177396,-0.570962153321435,15,12,a8a33ba9-0976-4e19-b0e9-fa5ba4d4eaa8,Primary Tumor,TCGA-BRCA,466bf078-4844-457e-8f59-7b0ca28024d8
TCGA-A2-A3XU-01A,-1.5388732407495196,-1.6980565561993715,15,12,a8e7d8a4-bbf0-496b-b387-8e014cfdcea6,Primary Tumor,TCGA-BRCA,22dad91c-889d-4d40-b9b8-c9facd752dc9
TCGA-E9-A54X-01A,-1.833066833582354,-1.8211991532511869,15,12,3dbc8d60-3a97-47b2-91d0-c18fb46b4365,Primary Tumor,TCGA-BRCA,c6882939-729e-4360-b850-9f7a84df2d7e
TCGA-AN-A0XT-01A,-0.9597922203864402,-0.6599221755966997,15,12,3e25056d-d137-49f5-abaa-f68509426600,Primary Tumor,TCGA-BRCA,40ad8a2a-abd2-4701-b984-4afa4c27c260
TCGA-LL-A73Z-01A,0.6521939810598352,0.1038830045256884,15,12,3e637872-f5e5-49d3-bb0d-9c16b8713382,Primary Tumor,TCGA-BRCA,28c03f8f-7f7a-4a53-a840-db0f4052ed26
TCGA-D8-A1JM-01A,0.6176618527035125,-1.2099331054959859,15,12,3e775c99-ceda-4246-8d6f-0f58ca5097c8,Primary Tumor,TCGA-BRCA,9cac5296-0f61-46a2-bcbf-9bd3212fb7dd
TCGA-AN-A0AL-01A,0.41964363201268784,0.6208000956058238,15,12,3e9f93c0-aa79-4b4c-bd6c-b3325912362a,Primary Tumor,TCGA-BRCA,f52fccc4-745f-4e5d-bff8-8d2009b6588d
TCGA-AO-A0JB-01A,-1.4986641948470656,-2.140728772466686,15,12,3ea9412b-429e-4dcf-90cd-c53be06885a1,Primary Tumor,TCGA-BRCA,2a09e101-9e01-45ec-9b02-d806f4cd7469
TCGA-AC-A2B8-01A,0.46546849164264775,0.8893818308060447,15,12,6e126b73-d3e8-4641-a128-306f3b313e40,Primary Tumor,TCGA-BRCA,20e1a6f6-c34f-4744-9b2a-392ea074ebe2
TCGA-B6-A0I8-01A,-1.22651892976584,-0.025504155643503987,15,12,6e6408d6-6c48-4dfc-9f1c-28b7386e87b4,Primary Tumor,TCGA-BRCA,b96a8979-77c1-41b5-a247-0342262d30f7
TCGA-GM-A2DB-01A,0.07328927456488006,-1.0727602609363502,15,12,6e6b7742-a562-490b-bb72-04a5653852e4,Primary Tumor,TCGA-BRCA,59bb8b6d-9827-4d5c-8714-cbc8ec3b8be5
TCGA-A2-A0YC-01A,0.18958201053993068,0.5101675615122959,15,12,a1872011-b928-4189-ac02-e87506c20bca,Primary Tumor,TCGA-BRCA,4c75e72b-db9f-425b-9f14-946ee801071e
TCGA-AN-A0XU-01A,1.3347818164753855,-0.12378368022183862,15,12,a1da9db1-db11-4f4d-a249-c738db81b87e,Primary Tumor,TCGA-BRCA,5fbe4a11-de4d-418e-9bc3-75b768d4a665
TCGA-JL-A3YW-01A,0.9489238381217303,1.1716163275657203,15,12,a2434f47-2168-47d0-9bbb-981071597843,Primary Tumor,TCGA-BRCA,8ebe5f43-053c-4bfc-aefd-b9c22897b4ce
TCGA-BH-A204-01A,-1.0851949428534415,0.17853814046148656,15,12,05135396-df5c-49db-b34e-f4add5b65a2b,Primary Tumor,TCGA-BRCA,1f224847-d745-4dc5-9338-4044413e8ec4
TCGA-AN-A0AT-01A,0.506311993077149,-0.2008517515885022,15,12,05506f4c-e701-4a9d-ae06-97f066aade43,Primary Tumor,TCGA-BRCA,4dd3d7e2-8a60-41e8-8812-a06f413afe2b
TCGA-A2-A0T3-01A,-0.619813146364467,-0.20167777921659316,15,12,058dcb78-bed1-40c3-a6c2-a0cc40065531,Primary Tumor,TCGA-BRCA,d898d021-e82b-42e6-b82e-28c187136674
TCGA-AC-A62Y-01A,0.2028817340167719,0.04904779755901726,15,12,05af737d-89aa-49b6-97b2-28b8ac8bd2cf,Primary Tumor,TCGA-BRCA,584eef35-12c2-4aac-be09-175a9f9c5dfc
TCGA-AO-A03U-01B,0.4433693925732885,0.8624897635199046,15,12,0685edd2-ce1c-4e0e-8dda-393139af4223,Primary Tumor,TCGA-BRCA,7806768a-e8c6-48b0-a241-c036c230e78b
TCGA-BH-A1EY-01A,0.02906972430026489,0.3984977663421842,15,12,0741b5db-4405-42ba-b63a-c6ee4f341480,Primary Tumor,TCGA-BRCA,891873c8-bb26-4215-9281-a79be2651f11
TCGA-BH-A0W4-01A,-0.7149985695814975,0.17670350510066202,15,12,0772cdbe-8b0d-452b-8df1-bd70d1306363,Primary Tumor,TCGA-BRCA,7c89d4dc-cccb-4833-9731-be8affb76c89
TCGA-AR-A5QN-01A,0.2480816917042769,0.38988608830240074,15,12,077506ea-8f11-405d-bb8e-3c9924fe54d0,Primary Tumor,TCGA-BRCA,3844ac53-a01f-41f1-a3f3-d9decf12d024
TCGA-E2-A1IU-01A,-0.36084482390341377,-0.7699432062385446,15,12,001cef41-ff86-4d3f-a140-a647ac4b10a1,Primary Tumor,TCGA-BRCA,41e79241-b5a4-4541-848b-e20e693e8ee3
TCGA-A2-A04W-01A,-0.8584278774112,-0.3613712430631259,15,12,00807dae-9f4a-4fd1-aac2-82eb11bf2afb,Primary Tumor,TCGA-BRCA,94468afc-faea-4091-af0f-d2df8aec37da
TCGA-A2-A0YD-01A,0.374465907742261,0.8427438937711588,15,12,2c6adb12-380d-4710-a7e6-93d5a0e53289,Primary Tumor,TCGA-BRCA,5030e484-7981-462f-b78d-9fdf1a8531c5
TCGA-A7-A13F-01A,-1.3042109778616742,-0.2740780013369181,15,12,2cf68894-168b-458b-af4f-53cad72989a8,Primary Tumor,TCGA-BRCA,9c87ef50-5854-4f69-820b-9e0b4d46c982
TCGA-BH-A0HK-01A,-0.7763379054172204,-0.3028330965571803,15,12,24334ac1-28a3-4b61-b590-3f51e375b247,Primary Tumor,TCGA-BRCA,25c20f52-1031-4cd1-a9ed-4b2049b01a3e
TCGA-A2-A25D-01A,1.1423277683519706,0.2882214207762185,15,12,3b963d72-ba5c-467b-83c9-fbdb462510a3,Primary Tumor,TCGA-BRCA,e6cbdcab-7fd1-43a6-be43-68b6a0fb4fe9
TCGA-BH-A201-01A,-0.29423697635212154,0.5700246732173814,15,12,3bf81a9f-abb4-4495-a514-fd3865e13a03,Primary Tumor,TCGA-BRCA,9415696a-44d9-477f-aba3-0a30ded48778
TCGA-A8-A085-01A,-1.8087819442247743,0.18588009641265116,15,12,3c08aabd-d5b5-4bbe-857c-38a7527b2163,Primary Tumor,TCGA-BRCA,8644d07c-979f-4ec6-928a-afe9229fb9f1
TCGA-AR-A5QP-01A,-0.3528200224731918,-0.1152863140688704,15,12,3c275152-d04b-440c-9621-2fc05ea977b6,Primary Tumor,TCGA-BRCA,61f32a8d-4649-4ea8-8374-00ab281464bf
TCGA-BH-A0W3-01A,-1.185867717113318,-0.9876875954324037,15,12,3c612e12-6de8-44fa-a095-805c45474821,Primary Tumor,TCGA-BRCA,f8e5691a-e24d-4dba-873e-9ffa3ca12bb6
TCGA-AR-A24V-01A,0.20632318866326774,1.0481564590746737,15,12,3cb06c7a-f2a8-448b-91a8-dd201bbf2ddd,Primary Tumor,TCGA-BRCA,d01e4cd5-3c52-4655-8b7c-ef6070d58090
TCGA-E9-A1NE-01A,1.7418095450691724,0.9253672243194703,15,12,3d676bba-154b-4d22-ab59-d4d4da051b94,Primary Tumor,TCGA-BRCA,b3d19aa0-af01-4998-b234-81f313b7a6f0
TCGA-AC-A8OQ-01A,0.37044788763155007,0.24820470354359844,15,12,dfaabd03-2d40-4422-b210-caf112ff4229,Primary Tumor,TCGA-BRCA,e52108ad-c4ab-4ab4-8636-caaeaae7ea62
TCGA-AC-A23C-01A,0.7354224487760243,0.40575992893725465,15,12,dfd0b7ba-c7d3-498e-b455-346301865452,Primary Tumor,TCGA-BRCA,ec67e25e-9cc6-45a7-a7c0-8dc778ae14c1
TCGA-C8-A12P-01A,0.03547973304790671,0.4667918499800903,15,12,abdc76db-f85e-4337-a57e-6d098789da03,Primary Tumor,TCGA-BRCA,09a491b5-1bfb-47d9-963f-69f6c7e6c1e5
TCGA-E9-A1N8-01A,-0.7518236418303896,-1.152715858353295,15,12,ac075bc0-1b59-4557-beea-541694faee03,Primary Tumor,TCGA-BRCA,4b445a8f-b60b-44c3-b501-de93010172f7
TCGA-AN-A0XV-01A,0.30679680242164525,0.15215641061640986,15,12,ac18b3a3-8d52-4e35-8625-673171a7fd92,Primary Tumor,TCGA-BRCA,debafec8-b9f4-45f3-aa4c-8e48e58e6a49
TCGA-EW-A1OV-01A,1.0042937535608045,0.13839070954225008,15,12,ac68d219-5670-4ddd-8df6-8aa7ad59e5c7,Primary Tumor,TCGA-BRCA,57044315-cc7f-4677-90fa-2e959740bd9c
TCGA-A2-A1FX-01A,0.04118879650725559,0.5200247124650997,15,12,ac6d3ba9-f84f-4657-aa85-4d66fb7c09da,Primary Tumor,TCGA-BRCA,8f1fa5b0-7b8b-41ae-9ba4-9bce8776e5a8
TCGA-AR-A2LO-01A,0.10630678850229043,-0.052036621701716586,15,12,ad0fa961-c085-4f38-b3db-5fc0cbf6b64f,Primary Tumor,TCGA-BRCA,f7619693-b880-408e-8be5-f266f61a403e
TCGA-D8-A27V-01A,0.517599538292212,0.7387274025947663,15,12,ad6d26ab-6568-40db-bfb0-394d40e801cf,Primary Tumor,TCGA-BRCA,1d0878a6-5c7c-40b9-8eab-64981d783b71
TCGA-D8-A27M-01A,1.75513703113901,1.0217511294452788,15,12,ae65baeb-6b78-492a-8c63-bb7e93e83dc2,Primary Tumor,TCGA-BRCA,b3b9ae66-e8d1-4a32-a2a9-46931b753527
TCGA-A2-A0YF-01A,-0.26555057173047547,0.2870078433073981,15,12,ae8c77fe-e6c8-44d5-8265-4a38c637bbef,Primary Tumor,TCGA-BRCA,5dee4a6f-9cf4-4360-a37b-e7b94aa70dac
TCGA-BH-A0H6-01A,-1.0294618625376306,-0.031782867312200876,15,12,aeb6a3a6-b57a-4c53-90e6-e833777dd2a1,Primary Tumor,TCGA-BRCA,4af55932-ab7a-41e5-aa7f-fb16ab18c629
TCGA-OL-A66L-01A,0.29174405269847103,-0.2768099408626333,15,12,af0acaa9-a61c-4e57-bc0d-453ad5bf193a,Primary Tumor,TCGA-BRCA,e4744b03-e390-43f2-a14b-86bddceaf9ae
TCGA-D8-A1JU-01A,0.5430158995844087,0.9506563394033013,15,12,af2a8e2f-2ae1-48bc-bba5-0e2c077c4e48,Primary Tumor,TCGA-BRCA,67eceef4-f870-47a0-82d8-b39aa3282bd3
TCGA-A8-A0AD-01A,-1.0456114548694382,0.2014057788240722,15,12,af5453a9-cf1f-40de-aec4-0e0710908fb7,Primary Tumor,TCGA-BRCA,ecf9996e-0cba-4394-9f5a-51fceab1ac56
TCGA-EW-A2FR-01A,0.2615525461481883,1.3205600356435934,15,12,af97e043-88cb-4f99-8f8b-9bcbcccdf842,Primary Tumor,TCGA-BRCA,9568dc22-f91c-44dd-95ec-370466ee64c3
TCGA-PE-A5DD-01A,-0.07386894951061601,-0.154682800519264,15,12,b0700958-5f90-4546-b35f-635cd506889b,Primary Tumor,TCGA-BRCA,e5f6e803-fc44-4f0f-9f6e-562b4e7d77ca
TCGA-E2-A105-01A,-0.6798744764000496,-0.26759550022597384,15,12,b0bcb829-cee0-4247-bb75-093a5bea89ee,Primary Tumor,TCGA-BRCA,2e60bad2-2dd2-4dc3-aa45-dfc36ef4884b
TCGA-A2-A0T4-01A,0.23327808930849703,0.017708280613045694,15,12,b0f8d698-a30e-4d8d-b0a2-a5a01fac8406,Primary Tumor,TCGA-BRCA,7d5e390d-86f3-4988-9606-aeedabd31b52
TCGA-Z7-A8R6-01A,-0.2633471330175772,-0.17624563411160063,15,12,b1d44c81-747d-471f-9093-aeb262a17975,Primary Tumor,TCGA-BRCA,404cea41-efa9-44c0-84a1-5dd603d7a2a4
TCGA-A2-A0YL-01A,0.22915131834380428,0.34873258921593403,15,12,b205c89f-af62-4186-acad-ed23d243fa98,Primary Tumor,TCGA-BRCA,c4afcca9-94e4-4ecd-98d1-0aab86de8685
TCGA-D8-A73X-01A,-0.4720038159658531,0.029245035421881536,15,12,1be375fe-5ae5-4e75-a729-69f86a661d9a,Primary Tumor,TCGA-BRCA,7c196890-04a5-496b-ae10-43b95be57d58
TCGA-A7-A13D-01A,-0.8204223155102442,-0.11815029566236306,15,12,8785012f-f73e-4d68-87cf-1d804af32782,Primary Tumor,TCGA-BRCA,50c7c034-fccb-4eb1-b8db-e0a5d9e50172
TCGA-AO-A0JA-01A,-0.06822826040284594,0.4678491020626405,15,12,86b7b206-8e69-432d-acc9-bccce710955e,Primary Tumor,TCGA-BRCA,870fb4d4-8366-4bfa-b4c1-04d55eded427
TCGA-C8-A26V-01A,1.1665753426335643,0.684475098033233,15,12,89414e79-7f89-42d9-8228-101b5bf2f31f,Primary Tumor,TCGA-BRCA,41a87746-ec8e-47e3-986c-d1a119e7c96b
TCGA-C8-A27A-01A,0.33076225260757863,-0.141370556614599,15,12,3b1f7e48-216d-47de-ba79-db350f52bff0,Primary Tumor,TCGA-BRCA,5422b305-6411-4a01-b371-dc74c9e351e4
TCGA-EW-A1PE-01A,1.1718602996134473,0.8886907102904246,15,12,f3b86c02-09a5-4e97-aa7a-86f13f7cda4b,Primary Tumor,TCGA-BRCA,28b84c2b-6524-46ee-9d1e-24e7d6379af4
TCGA-LL-A5YM-01A,-0.4978557543954617,-1.2716817127262519,15,12,e9a12df9-024e-4cbc-b6bf-e4e87485fa90,Primary Tumor,TCGA-BRCA,4af2ea24-60fe-4fc1-858b-68ed98855082
TCGA-LL-A73Y-01A,0.01337561074405408,0.6935704453569889,15,12,ea645243-df49-4466-a255-9f3d4321e357,Primary Tumor,TCGA-BRCA,8ca36e25-aabc-4bd9-9ced-a8d432ca0260
TCGA-AC-A3OD-01A,0.18940390765563028,-0.379511741374491,15,12,f2622cdb-ac92-42b3-a1ca-67e133c3dd4a,Primary Tumor,TCGA-BRCA,7e915086-4926-4670-9f43-e35e2d04d6c5
TCGA-A2-A0CM-01A,1.2886293073692057,0.28163114683932594,15,12,eb2dbb4f-66b6-4525-8323-431970f7a64e,Primary Tumor,TCGA-BRCA,8fb0660c-fb39-47f0-8450-1f7abff3b656
TCGA-E9-A1R0-01A,0.03360563108973362,0.2579302706785294,15,12,f2da1d3f-f226-4c99-a97e-9b26f67d7a5d,Primary Tumor,TCGA-BRCA,0b798fe4-1c51-4c36-afc8-5bee39fd6077
TCGA-A7-A0DB-01A,-0.6762922912512663,0.015582284033457924,15,12,f130f376-5801-40f9-975d-a7e2f7b5670d,Primary Tumor,TCGA-BRCA,a8898537-0afa-4655-b123-78c11b90c53a
TCGA-AR-A1AR-01A,1.0242588407204567,1.2381250875549579,15,12,eda6d2d5-4199-4f76-a45b-1d0401b4e54c,Primary Tumor,TCGA-BRCA,7235fd65-e9cb-45f1-ac78-cad80823325e
TCGA-AR-A0TR-01A,-0.5229927241137625,-1.1965492976963137,15,12,d1703dbd-5c93-4cf2-a4d1-0d90640882bd,Primary Tumor,TCGA-BRCA,04a7cce8-c3b3-4994-9dac-c0e53099f37d
TCGA-AN-A0FN-01A,0.961579223995847,1.2624533204992219,15,12,c2a742fe-3e8b-4210-85a6-7191a1123609,Primary Tumor,TCGA-BRCA,0022cd20-f64f-4773-b9ff-a3de0b71b259
TCGA-B6-A0RH-01A,0.7776586308436294,0.08042469761884699,15,12,c3148e68-1739-4334-abda-1dcbc2166846,Primary Tumor,TCGA-BRCA,6b62d6dd-bb6f-4f39-9041-992c47b875f3
TCGA-BH-A0AW-01A,0.703836649612077,0.12276027395328404,15,12,c5891c7a-fd24-4891-8f51-373967e4a6dd,Primary Tumor,TCGA-BRCA,b0fc63c9-c4aa-4206-8636-47245f510cff
TCGA-BH-A18M-01A,-0.06329810309938122,0.23842231488125654,15,12,f63722c1-a0bb-4bf9-8a10-1d76a8e1a0ba,Primary Tumor,TCGA-BRCA,00b13ccf-ad7c-4613-8366-7c583a399691
TCGA-BH-A0C1-01B,0.6151382400799909,0.5430030605711142,15,12,d10a4887-373b-4726-a61d-126f950e4a06,Primary Tumor,TCGA-BRCA,5fbbee45-08b5-4cd0-83c6-c18bc4e89d99
TCGA-C8-A3M8-01A,-0.5690240595443747,0.20413260567373562,15,12,c1e704d6-a33b-4891-90bd-992b0040c075,Primary Tumor,TCGA-BRCA,cde8361d-ade2-4103-b092-3ee9cbf85ea1
TCGA-OL-A5D7-01A,0.9459266465198333,-0.8234563219100787,15,12,c8f39325-5382-447c-9291-a6915fc978b8,Primary Tumor,TCGA-BRCA,41a97024-43f7-41b8-8755-94cd29105a5f
TCGA-D8-A27P-01A,-1.1008502632431862,-0.5414341876007579,15,12,c54d5507-bba5-4a1e-8885-3c3b1eed13c1,Primary Tumor,TCGA-BRCA,b93b04d3-7526-4d65-bc15-0148e75ac225
TCGA-BH-A0EE-01A,1.209852098908678,-0.7423425564763592,15,12,ca76c6fc-ff30-4833-884d-3a94fe53ff17,Primary Tumor,TCGA-BRCA,7b188e2a-4a56-49f9-b527-cd61a646f6c7
TCGA-B6-A0RQ-01A,-0.8259988957495813,-0.515021343617959,15,12,caa9b533-24b4-4ecd-9159-c165de049f6a,Primary Tumor,TCGA-BRCA,5fcd0660-3e77-4a56-af19-01045301708c
TCGA-A7-A6VY-01A,1.3632433073973023,0.5070535692382423,15,12,e8ea576b-eb16-44f7-b241-daefc1375388,Primary Tumor,TCGA-BRCA,9f06e9cd-8184-4b66-a2e0-96da9a7159e8
TCGA-E2-A1L7-01A,0.9128204437093221,-0.2007671483220442,15,12,791c5768-f0f5-4ab6-86eb-998e5c4b49e3,Primary Tumor,TCGA-BRCA,104e3cb5-c6df-422b-a55f-6b19408594d4
TCGA-GM-A2DO-01A,0.7323873258182886,-1.2858643614088554,15,12,5fd37868-4762-4109-9dcf-6fdbab5b645d,Primary Tumor,TCGA-BRCA,e855de31-6adc-423f-9295-3064f2449f35
TCGA-BH-A28O-01A,-0.2797052298414462,0.1567061225557728,15,12,84b7ccf2-8ab3-4b21-96de-800d231bc072,Primary Tumor,TCGA-BRCA,e267a6fb-3d15-4658-b464-25438bd41330
TCGA-C8-A274-01A,-0.4310920248901473,0.05059051349016084,15,12,dbcad60f-86c7-41e3-b0ae-baa39c9f83dd,Primary Tumor,TCGA-BRCA,885098b3-2e01-4039-ad15-f3dda5c29dc6
TCGA-AR-A2LL-01A,-0.5236723747486594,-0.17671554675971882,15,12,70fc011c-0f22-4026-9d72-87351126203a,Primary Tumor,TCGA-BRCA,5c57b96c-909e-468e-bef6-f0375a788fcb
TCGA-AN-A0XW-01A,1.2658305069260878,0.6612729810335588,15,12,39de7761-e762-4811-b95c-8216b79ae06b,Primary Tumor,TCGA-BRCA,76267112-851f-4f5b-af40-f3c90af1b2ce
TCGA-3C-AAAU-01A,-1.2370825292969556,-0.5716259115186134,15,12,6e7d5ec6-a469-467c-b748-237353c23416,Primary Tumor,TCGA-BRCA,84225715-14a6-423c-a6d6-15558e151f56
TCGA-LL-A9Q3-01A,-0.03325399356403091,-0.5444633296505949,15,12,6af6d256-a753-46d2-b611-e4094ff265aa,Primary Tumor,TCGA-BRCA,98dc2008-d132-4a88-b428-45b0f715b296
TCGA-A8-A06P-01A,-0.65629786037966,0.6051135696868875,15,12,5f90d955-bbb0-4b44-a5ac-ba6fda9ca0fb,Primary Tumor,TCGA-BRCA,192d2e5c-31a1-45aa-8bb5-b33e4f873077
TCGA-AQ-A7U7-01A,1.410306459692138,0.8505415866292382,15,12,19015644-9c17-4ae7-a656-0fe8623c04ae,Primary Tumor,TCGA-BRCA,fa48dda4-5b65-44fa-b0c3-b02d53d928c5
TCGA-E2-A1IO-01A,0.09210267429131026,0.6360939726868381,15,12,71fc8941-4cfb-47ea-a533-873d38f8c95c,Primary Tumor,TCGA-BRCA,425a82ae-e0bf-48ae-946f-58ccc2571bfd
TCGA-D8-A1XL-01A,1.5300093523427725,0.2709667774334471,15,12,2b19a6b4-7a17-4452-b4aa-6fc18adc0c3c,Primary Tumor,TCGA-BRCA,fed0a382-2eee-4acc-af00-53a9fdcd2a61
TCGA-A1-A0SN-01A,0.4988526496284497,0.5992339908536589,15,12,0dc337fa-da8b-42c4-b9a7-fb76d81c161f,Primary Tumor,TCGA-BRCA,9c00a43c-1da0-4e3b-b7e2-54a48d29ecae
TCGA-AR-A2LE-01A,-0.6831481411804374,-0.5490455205629855,15,12,e3fcbf94-d3ef-4a37-aa45-5297f96af9eb,Primary Tumor,TCGA-BRCA,89e67cfd-7728-4a0e-bfa5-4c55ae957ef8
TCGA-B6-A0RM-01A,-0.9945879764379203,-0.9562481099253457,15,12,151f3677-6854-4265-9126-d92c646c67ae,Primary Tumor,TCGA-BRCA,45702d4f-2d23-4e37-88ad-565e44a18fa2
TCGA-E2-A15T-01A,-1.1657355118348962,-0.49800310128332964,15,12,e68ebfd4-3688-4caa-9e38-7764f9258c30,Primary Tumor,TCGA-BRCA,010e405c-b91d-4046-898e-105d5830d9a9
TCGA-GM-A2DF-01A,0.28650360017827625,-0.13900476728861472,15,12,d6f7afc0-1558-43ad-acb1-2b5311ed2264,Primary Tumor,TCGA-BRCA,842b0c9e-a03d-4074-b0fe-be8d0e056c7d
TCGA-A1-A0SH-01A,-0.7528977082896202,0.6130193576436355,15,12,a6a863d9-b39d-4965-b47f-79a1bcf3c976,Primary Tumor,TCGA-BRCA,2e9902c2-e171-465e-ae13-45c413f7515f
TCGA-BH-A0BZ-01A,1.531888531565574,0.909822152627053,15,12,4a032bad-e726-48f2-8f39-e3acc109cc91,Primary Tumor,TCGA-BRCA,3d075fc4-5a01-47ce-bef0-a77acf71061d
TCGA-E2-A14V-01A,-0.623597865005044,-0.2686613974599116,15,12,3144f1fb-4342-4079-bfe8-940da4bfd88e,Primary Tumor,TCGA-BRCA,7efb7266-28ee-41d3-912a-b0f67135216f
TCGA-AN-A0FF-01A,0.22470868533400862,0.25342710882600533,15,12,d5cab7f5-e4f1-40ee-a0c8-4c8004c1c9a0,Primary Tumor,TCGA-BRCA,c00ad8a9-ed1d-4289-aa62-3e64cb574205
TCGA-D8-A1XD-01A,-1.758320333247027,-0.1924942435274176,15,12,c4699748-f01d-4b30-9c74-1ca77fb84ac1,Primary Tumor,TCGA-BRCA,6b9180f4-bdd0-4118-bff7-0523cad45567
TCGA-E9-A1QZ-01A,1.0031404889610969,0.33695175849453035,15,12,b6b932ce-6856-4d94-9e6c-16dfbe51906f,Primary Tumor,TCGA-BRCA,a8a6308d-04e4-47e9-adb6-c895b605ad69
TCGA-AR-A1AS-01A,-1.826002770532092,-0.47243905404983194,15,12,7d681cc6-689d-41c8-9e84-e13733089ec9,Primary Tumor,TCGA-BRCA,128bf144-f452-48af-941d-f6069e3bb0bb
TCGA-D8-A27W-01A,0.14038263634631054,0.516109946559315,15,12,bfa3dbc0-361c-400e-8c10-0aca7049fce9,Primary Tumor,TCGA-BRCA,588a95c5-286a-417f-aa76-b4d8b5c055ef
TCGA-AR-A24K-01A,-1.17818226420282,-0.3345843595289872,15,12,599c3701-df7a-4a75-a347-fa9b510dd242,Primary Tumor,TCGA-BRCA,9b47ed32-440b-4e50-93f9-5aeb56f03397
TCGA-LD-A9QF-01A,1.1155898455574926,0.6427769463012164,15,12,95c53ecf-d8f1-4bcb-9b1a-c9a0542939f0,Primary Tumor,TCGA-BRCA,406cb497-badd-4bbe-be62-e1dac7b49180
TCGA-A8-A08S-01A,0.27726124420692044,-0.05212864673666573,15,12,2779fa01-ac93-4e80-a997-3385f72172c3,Primary Tumor,TCGA-BRCA,519b92e0-0dbc-471c-988f-48ce9dc95be3
TCGA-BH-A209-01A,1.5960708533358032,0.5603964534327407,15,12,5258294f-ef5b-4091-9183-6bcc545d54b2,Primary Tumor,TCGA-BRCA,2aa3a845-cce2-4fe2-92f7-1fece9e619d5
TCGA-A8-A09C-01A,-1.060726537168925,-0.33692189063616657,15,12,80f3f48a-cc21-415c-b181-c77e7ba1c563,Primary Tumor,TCGA-BRCA,a8ab2eb8-9da3-494f-b740-dc3f4185acb2
TCGA-AO-A1KS-01A,-0.34346379851034603,0.178053050338288,15,12,bb8d42d3-ad65-4d88-ae1d-f9aadfc7962d,Primary Tumor,TCGA-BRCA,b9d564b4-4561-44b2-b020-baf106f23baa
TCGA-A1-A0SG-01A,-0.7047393544724636,-0.14454454117003582,15,12,0ed9ad26-7fdc-4d75-93f9-d029eee94993,Primary Tumor,TCGA-BRCA,76367cee-b571-49e5-8121-9e69f906c230
TCGA-E9-A1R5-01A,-0.6332632597190092,0.08590314046524523,15,12,23c21dea-3713-408f-ba56-f7c586e9f206,Primary Tumor,TCGA-BRCA,92431faf-af89-4f25-be07-61ac770b9633
TCGA-AO-A12H-01A,-0.48726682492310186,-0.4161264802862195,15,12,b5b99291-507e-4b68-a039-9a0f571f55df,Primary Tumor,TCGA-BRCA,b5994562-8eab-43a5-9846-cd3916a9260f
TCGA-B6-A0WY-01A,0.5103913361809915,0.1590751668688703,15,12,f475d460-75cd-4fe9-aa54-c90be12b4ef8,Primary Tumor,TCGA-BRCA,56209bc1-f94b-4aa4-a9dd-757003f36fd2
TCGA-A2-A0SY-01A,0.23469356204844016,0.43896363594758675,15,12,dc696e3c-f448-468f-a576-f4429be0338a,Primary Tumor,TCGA-BRCA,a3039f53-9e11-4b53-b65e-ea5e14914ef0
TCGA-A2-A0CV-01A,0.4911135570193646,0.3883941029201344,15,12,ad7fcc89-82a3-48aa-8461-581c1a857677,Primary Tumor,TCGA-BRCA,2ce2b916-b768-424c-a57b-96ab4a77276e
TCGA-A2-A04Q-01A,2.0072411695401593,0.3003811373845858,15,12,b5fba77b-1f50-4e71-95b2-566afba4bdd7,Primary Tumor,TCGA-BRCA,b2f5c7b1-96c1-4928-83e9-4f67ace3158e
TCGA-AO-A12C-01A,-1.1040536246492436,0.19800018901754388,15,12,71626753-cc34-4731-abc0-ae188b0964e7,Primary Tumor,TCGA-BRCA,152c8e57-1f2f-464c-ad13-de0f4d81dbff
TCGA-A8-A08G-01A,0.427177916797477,0.42023148546230643,15,12,719082cc-1ebe-4a51-a659-85a59db1d77d,Primary Tumor,TCGA-BRCA,df176b72-7266-4eeb-a3ed-8f09199c1963
TCGA-OL-A97C-01A,0.029928753424362638,0.24470510492560102,15,12,6ffd1b8c-6f0b-456a-9160-e0c8021e5897,Primary Tumor,TCGA-BRCA,1873c44d-4dcb-41d3-8c3c-dec38f7ac3d1
TCGA-E2-A1B0-01A,0.856987635807782,1.3577607102856792,15,12,996bd3f0-d767-4eff-9c82-99fcb5a3006a,Primary Tumor,TCGA-BRCA,0caa1750-ec80-484f-9097-1e90fbfa41c2
TCGA-A2-A0ER-01A,-0.4394131984408862,-0.11905612677335194,15,12,7455d832-ad66-40df-85d7-3a7051c4498d,Primary Tumor,TCGA-BRCA,92fc6274-1d0f-4e1c-a124-9e5135753d99
TCGA-AO-A12A-01A,0.23217350009395643,0.37578212745948886,15,12,99927651-34be-4795-893a-128d8a1fdb30,Primary Tumor,TCGA-BRCA,4cafa8be-69f1-4c1a-87fb-c71df6de6a74
TCGA-A7-A0CG-01A,0.4460229356834005,0.3672978777257469,15,12,67eef990-5ff4-45d1-843d-d22d7848f130,Primary Tumor,TCGA-BRCA,e37e5793-921d-4930-8f22-ddcd5f881fe6
TCGA-BH-A0E6-01A,-0.024485433640824103,-0.6520550854940536,15,12,6c0066e3-96df-4870-bcd3-98cda64082e9,Primary Tumor,TCGA-BRCA,bc23716d-70e8-486e-b512-8c45654d5d83
TCGA-E9-A24A-01A,0.23521832331558537,0.7024297930001491,15,12,9f3cc92b-fa22-478e-a2e4-6b4c8afb93d6,Primary Tumor,TCGA-BRCA,b6bbcd01-c1a3-42b8-afe7-c17b987903b0
TCGA-LL-A441-01A,0.982301323988041,0.443917344809599,15,12,69fc24fc-cfe2-487a-935f-1a954b30b709,Primary Tumor,TCGA-BRCA,0ba26ef1-7b7d-48c8-a593-75504769791c
TCGA-BH-A1EW-01A,0.339299518538731,0.29946464680746226,15,12,9d166970-07c8-4ca3-9cfa-ed0049df9ecc,Primary Tumor,TCGA-BRCA,f8b403a1-37cf-4acb-b5d7-b3437fafa7f8
TCGA-4H-AAAK-01A,-0.5588460920684308,0.1506120301830804,15,12,6623fc5e-00be-4476-967a-cbd55f676ea6,Primary Tumor,TCGA-BRCA,307261f2-f88f-4658-b6d1-98ef946148e2
TCGA-D8-A1XS-01A,-0.06566752345159738,0.5226349214533345,15,12,1026e0bf-5640-4fa5-b65f-4f11e8e76b18,Primary Tumor,TCGA-BRCA,7dace9fc-28bd-44fb-9e97-6319eb30bb05
TCGA-AR-A2LR-01A,-0.8542049937092884,0.08749556515879738,15,12,d093173f-08ab-4138-bf3c-399c45a6e163,Primary Tumor,TCGA-BRCA,7acdca8d-6231-4077-b7ac-eec857c43092
TCGA-GI-A2C8-01A,-0.09647573982997187,0.925370709465566,15,12,33fe5833-d7a0-43d7-a03d-56985ea448a6,Primary Tumor,TCGA-BRCA,db921dd3-3d39-4b42-b2ff-dbe0f6c9f093
TCGA-B6-A1KC-01B,-1.0044181949128965,-0.38698108561321015,15,12,1502c7d7-1535-4e56-9f34-30623acd50d5,Primary Tumor,TCGA-BRCA,c6ec90b5-d323-4a55-b48a-c3acf38557ba
TCGA-A8-A09K-01A,0.30774014099657615,-1.066205128828492,15,12,6f959c92-b79f-4f84-9ee5-d07d3212d52d,Primary Tumor,TCGA-BRCA,9dcf3c95-cc67-4a83-a2c8-12cbce82b9c4
TCGA-AC-A2QH-01A,-1.1819737568568576,-0.04710147572131937,15,12,67c5f371-3fa9-47c5-8b15-c2dd9acc8519,Primary Tumor,TCGA-BRCA,ff570f9a-a252-496d-a452-344063851a7b
TCGA-A8-A09I-01A,1.5888318938430688,0.9000821139764951,15,12,1557183c-aedd-4df6-b98a-3654667f7b69,Primary Tumor,TCGA-BRCA,59ce4079-0da6-4339-8861-ad376b150f75
TCGA-A8-A07I-01A,0.2317017729896941,0.4670972007571455,15,12,566792ae-f853-4a47-856d-f02cdcfcb18a,Primary Tumor,TCGA-BRCA,61647238-a8c4-4156-af15-c32947983cfd
TCGA-AO-A0J5-01A,-0.399034333953774,0.699625367202564,15,12,c1442467-d618-435f-8792-b1a18f696f1a,Primary Tumor,TCGA-BRCA,b54476c3-f6f1-4474-b447-72023ba97687
TCGA-C8-A1HO-01A,0.5641073554309013,-0.32220164797829864,15,12,b3354b72-2637-4edc-9a95-e55801d3ac13,Primary Tumor,TCGA-BRCA,98ca3aa5-f509-4e55-a184-12e44c8c8464
TCGA-B6-A0IK-01A,-0.48837572448669714,-0.5887370481641111,15,12,0491063c-14a7-4104-8002-1459126332f3,Primary Tumor,TCGA-BRCA,f2842246-b121-48f0-a8c5-474a8fb47036
TCGA-E9-A247-01A,-0.3887523499680258,-0.3702821861616314,15,12,636b0a90-c8c2-4ad6-a77d-6cd428a826d1,Primary Tumor,TCGA-BRCA,097a38f3-a6c5-4267-8648-cd04e2bd9984
TCGA-EW-A2FW-01A,-1.017470800941904,-0.27865855217210517,15,12,e6f527a2-38eb-457e-bb39-3c5b9c0bcbec,Primary Tumor,TCGA-BRCA,5c33730b-be75-452a-ad2f-02eb726d4eae
TCGA-D8-A1XU-01A,-0.02891837660394386,0.6403264802960611,15,12,332148f5-f070-4c20-8eb1-4d8c0673aa52,Primary Tumor,TCGA-BRCA,ddeb1445-08ae-441c-9f2a-4647df1b4ed6
TCGA-EW-A6SD-01A,0.60118873461241,0.26812175682058487,15,12,42378dbc-a123-4cf9-8502-165e89fda271,Primary Tumor,TCGA-BRCA,4a5803a6-942a-4992-8b9d-29e1091b10f6
TCGA-AC-A8OP-01A,-0.829582337208991,-0.18239968514418134,15,12,b9c6c069-2a2b-4cc7-a398-dc45c132d979,Primary Tumor,TCGA-BRCA,3d0b3b80-92ae-44dc-89fc-2ead925b81a2
TCGA-A8-A06Q-01A,-0.9400539709249666,-0.8183224185821252,15,12,281f70c5-876f-44b3-84fb-f2302f85e74c,Primary Tumor,TCGA-BRCA,a1516cec-76ec-4a05-97a0-a56ef8490e60
TCGA-D8-A1JP-01A,-0.2891238249075118,0.25817175561545785,15,12,752f4773-5a12-4485-a1f6-896e148ddf4d,Primary Tumor,TCGA-BRCA,6ce774a5-2636-4a01-ab6e-737f89a4bd4f
TCGA-AN-A0FD-01A,0.5714118793883418,-0.17904468727344755,15,12,c6086936-7544-4da0-8c0c-114166848483,Primary Tumor,TCGA-BRCA,9a1c9a5a-7b3f-463b-bc9c-e06107b2aeb7
TCGA-AR-A252-01A,1.5052380233622518,0.9083059953853084,15,12,4d0fec97-e024-4608-a0cc-426a3decc7b1,Primary Tumor,TCGA-BRCA,fed5e108-cb1a-45b8-88e8-c5ea6a6bd61a
TCGA-B6-A0X5-01A,-1.0862513559217841,-1.4761934545110267,15,12,4e6edfe6-adcb-4c12-8ff4-38a79f5887e8,Primary Tumor,TCGA-BRCA,d393af6b-de4b-4ca6-bc06-a29068dfe086
TCGA-A8-A09T-01A,-1.4006895245532902,-1.0077685444834794,15,12,0adf59c6-581a-475d-a2f4-40aa40060b5b,Primary Tumor,TCGA-BRCA,e45b755d-1df6-446a-aa05-59ae1960b442
TCGA-AR-A0TS-01A,0.6561084268563042,0.47872962972951627,15,12,972447aa-4332-47e7-bddd-2eb699dbb664,Primary Tumor,TCGA-BRCA,ad1ea8c5-ca8b-49e9-a650-6012d71daf24
TCGA-B6-A0IP-01A,0.09033586999551778,-0.17227847718597555,15,12,1402082d-25c9-4148-8a1e-f58450b706bb,Primary Tumor,TCGA-BRCA,263123b0-ec68-47cd-96dd-4f0795503d89
TCGA-AO-A03O-01A,0.5516254780139394,-0.3768199027951837,15,12,1111fb30-46ce-4722-98da-ec9ba2323d90,Primary Tumor,TCGA-BRCA,ccc7b8e5-7ea4-4efc-81c1-ef6c15acd241
TCGA-E9-A22A-01A,1.4535513468366499,1.0197168009288395,15,12,4aacbc42-5ac5-4339-b9fa-c6e812084837,Primary Tumor,TCGA-BRCA,f9432d83-a322-4f5b-9c45-7dad736005a4
TCGA-A8-A08B-01A,-0.22200693411392927,-1.5328922625897758,15,12,d8d7a6c2-6427-4f47-968c-6c3affba4617,Primary Tumor,TCGA-BRCA,111b2865-e7dc-45c9-b206-20b5713714bc
TCGA-E9-A6HE-01A,0.24273442013752433,-0.00099626052288032,15,12,7e9c8d3c-790c-46ad-8f31-b557b7c26f69,Primary Tumor,TCGA-BRCA,9314aa86-3d8d-4709-a6e1-0aa22b21d6b5
TCGA-A2-A25B-01A,0.061566364472775185,0.37740561923518995,15,12,eadf8482-e60e-4307-adb7-d5c3b9fa6cae,Primary Tumor,TCGA-BRCA,22fdb34e-9f50-4382-9800-e6e35773c538
TCGA-AC-A4ZE-01A,-0.5573236122283242,-0.47370585924742464,15,12,0cf0d67c-2f7f-42a6-94f3-407d0ec46c88,Primary Tumor,TCGA-BRCA,eff9c23b-fc85-403c-8e88-86b4def8ced1
TCGA-A2-A0CR-01A,1.4646672207698825,0.05688477140788248,15,12,4cf0f639-7940-48b6-8ea1-2a3494097cdb,Primary Tumor,TCGA-BRCA,a25f8ce5-b3f3-4d2d-b862-b703650066fb
TCGA-D8-A1JG-01B,1.309019075056491,0.9723260464603415,15,12,7f2a63e6-64d5-4be1-9814-e8416fc9e688,Primary Tumor,TCGA-BRCA,4f4862e1-abfc-4577-bdb2-a96759ef2b53
TCGA-E2-A15L-01A,-1.1201719204284053,0.15375005822674212,15,12,37242f5a-25ae-4b1f-9ce6-09ce1dc92539,Primary Tumor,TCGA-BRCA,c003fb3b-179c-49b0-8d9a-656c4dc39901
TCGA-A7-A6VV-01A,-0.0851275467309924,0.8937548062363829,15,12,57af5c72-0d60-4a6b-b1b4-ec6dab90f80f,Primary Tumor,TCGA-BRCA,1aa289bb-8ac9-4e9e-be61-3164afbe06a2
TCGA-B6-A0IA-01A,-0.9667279769385825,-1.732182555606787,15,12,0807435a-e75e-4e04-8e45-ed0cd49a841a,Primary Tumor,TCGA-BRCA,e86f9f1b-4e5c-4743-8158-14ec2e83b6f1
TCGA-AN-A0FL-01A,-0.57657621148675,-1.2457876816681017,15,12,baf1207d-7d1a-4cad-ba58-62c26be2415e,Primary Tumor,TCGA-BRCA,a2cb26d9-70e7-47ca-b019-a5fa136b42f7
TCGA-C8-A12Y-01A,0.41027488080824276,-0.16881113593380445,15,12,298a1710-deb4-4064-a0f2-da32d43aa217,Primary Tumor,TCGA-BRCA,73edea85-f978-4c99-b9c3-fda3ffc6a065
TCGA-D8-A1Y2-01A,0.7976722145101672,1.022264665563809,15,12,c7d7a770-23c0-4310-ab48-1f6152dc2849,Primary Tumor,TCGA-BRCA,d5586fdb-d796-4176-84e3-11a72124b41f
TCGA-C8-A1HN-01A,-0.316067246889379,0.12457784663752743,15,12,86a18ae0-dfb1-49c3-b5c4-67ec331d6e40,Primary Tumor,TCGA-BRCA,4c60d168-b545-46a8-8c37-81972a537a83
TCGA-E2-A1B1-01A,1.4891309348401163,1.4016824232452303,15,12,8a0ef221-8070-43fc-9d98-def90abe4871,Primary Tumor,TCGA-BRCA,0e62a6d0-87a7-4efc-922f-753328694458
TCGA-A8-A08J-01A,0.16829523426016102,0.5667471602473958,15,12,68177e92-4784-45d9-af14-4ce0c00eae74,Primary Tumor,TCGA-BRCA,5db109b6-dbfe-4ec8-8697-bb7fff5beb4b
TCGA-C8-A138-01A,1.0230529883897928,0.13329261452946847,15,12,b6c286c6-2755-419b-87d3-59c7feda9653,Primary Tumor,TCGA-BRCA,7dcadaff-5d95-4ba6-9ce7-50bb2e5f17aa
TCGA-GM-A5PV-01A,-0.24751834301421832,-1.1048621471600182,15,12,67c8dc41-edcb-4563-96b3-3f93f9edcbe9,Primary Tumor,TCGA-BRCA,b5fc7f21-688b-4764-b0ce-c450ad902e06
TCGA-C8-A12M-01A,-0.4007280719993999,-0.7014489319804632,15,12,dd0f8e5a-383d-4f03-bb71-0e115d4e442c,Primary Tumor,TCGA-BRCA,0a688b9b-06ea-4b83-bfce-9cee0d866a0c
TCGA-B6-A0WX-01A,0.04239300248814562,-0.024893678662883754,15,12,a482fc4c-ff1d-46a0-a968-7df06422cc4b,Primary Tumor,TCGA-BRCA,f2a4b38d-bfc0-4363-9a58-b5fa2af26ff3
TCGA-BH-A0W7-01A,0.9475411179904932,0.35024564828526206,15,12,9f80649b-a249-4fb5-97ad-059a30e13fea,Primary Tumor,TCGA-BRCA,9218f3a6-1ae1-4898-8be4-2335a204aae7
TCGA-BH-A0HN-01A,-1.1552318322696824,-1.4509276226075511,15,12,a68a3361-48b4-4bd0-999d-b4cc3d43eb4a,Primary Tumor,TCGA-BRCA,a436c52a-e63f-4d61-bc60-eb497c196489
TCGA-A2-A0EQ-01A,1.5152587606876429,0.3285431960832835,15,12,2192c1db-4718-4254-ba42-3ae7f30ad5a8,Primary Tumor,TCGA-BRCA,c3f4adee-86da-42fa-b37a-d48d66f89e09
TCGA-AC-A2FK-01A,-0.3711846609195438,-0.5437441065284218,15,12,79126e88-9cf8-45ff-bf91-a98da3b304d7,Primary Tumor,TCGA-BRCA,bb761704-bced-4fd6-9a90-187595b1d005
TCGA-BH-A0B5-01A,0.19050920506126046,0.23827332906420629,15,12,9da462b0-93c2-4305-89f6-7199a30399a7,Primary Tumor,TCGA-BRCA,aa4bc249-100e-4cf6-8356-1dc96b7dbea9
TCGA-GM-A2DK-01A,-0.35497692924429014,-0.12286426971166871,15,12,3a0775a0-61ae-43f2-b5f6-629a44355c2f,Primary Tumor,TCGA-BRCA,a17d51b5-c397-4591-a227-dc0425948420
TCGA-C8-A131-01A,-0.2875833697754552,0.1532305326011443,15,12,c49e3b18-fd88-48f4-8b01-300692ceb367,Primary Tumor,TCGA-BRCA,ae2e0936-a225-491b-8361-3c20663768d9
TCGA-A8-A06N-01A,-0.2621586648589668,-0.9575371124200442,15,12,3a711140-1b89-4611-9992-3861e3d0e01a,Primary Tumor,TCGA-BRCA,1cb0d51d-def6-40ec-9c5f-4a98315b0382
TCGA-D8-A1X6-01A,-0.024287561551609944,0.28845443934804554,15,12,42e47f3a-dff7-41e4-8f84-146d97e8ab72,Primary Tumor,TCGA-BRCA,ece7c643-e0b9-4b65-b6f5-89c414c1bfea
TCGA-AN-A046-01A,1.167783119911629,0.3748602095286513,15,12,dcd5860c-7e3a-44f3-a732-fe92fe3fe300,Primary Tumor,TCGA-BRCA,ed76d903-de08-4060-ab15-b4add3c551f0
TCGA-E9-A5UO-01A,-1.0479230334941068,-1.4577313410873944,15,12,ed2617c3-5d3b-4688-9283-0f8a10e0b10d,Primary Tumor,TCGA-BRCA,71175258-a00a-4035-8f33-eb48bf04066f
TCGA-EW-A1IX-01A,-0.50830459607192,0.3679141676387889,15,12,e8614b7d-132e-4b4e-b1ae-df8bb4f2d4d4,Primary Tumor,TCGA-BRCA,02a0b95f-ea0f-4c0d-ba2d-9724ed9ad712
TCGA-BH-A0BL-01A,1.2153407956080937,1.2347629023880884,15,12,92b5de82-0221-4df1-8094-80f40c0bb4fa,Primary Tumor,TCGA-BRCA,8a7fe670-bcef-4fcb-9759-9892ff5f4f61
TCGA-AN-A0XP-01A,0.034353921733629694,-0.13767372198662317,15,12,cf0e7e4e-b857-4db5-9ae2-551a899f77be,Primary Tumor,TCGA-BRCA,6a40f728-eee2-4777-a8e0-67fd6f9f7927
TCGA-AO-A03M-01B,1.4745643399126125,0.6912600636769808,15,12,095c7985-3842-494f-b591-706ad1cd2133,Primary Tumor,TCGA-BRCA,81f86e31-55db-4483-b6e0-55451ffbd1db
TCGA-AR-A1AL-01A,-0.5297965483715092,0.4865882144601213,15,12,1f99e4d4-4e8b-4cc1-a129-227a2a82780e,Primary Tumor,TCGA-BRCA,8e475a5c-0a90-4c31-a472-b1ae0946633d
TCGA-B6-A0IC-01A,-1.0651754404502216,-1.0341144459578377,15,12,b804f7ae-da8f-4414-be11-f880f1859160,Primary Tumor,TCGA-BRCA,e2a43c17-8973-49bc-a1f3-30afa26ef5f1
TCGA-BH-A1ES-01A,-2.202936460532478,-1.1931065712399938,15,12,51ccbf1b-7cae-44ba-991a-11eda8b8c404,Primary Tumor,TCGA-BRCA,70c9af7f-8a58-434f-8f45-098ef0450319
TCGA-BH-A0DT-01A,0.0978624463201994,0.20435961619540258,15,12,74f31744-0aed-4633-beec-4e203315f0b7,Primary Tumor,TCGA-BRCA,1936f1a9-66bc-4e48-8189-f0e3a67a5593
TCGA-A8-A0A9-01A,0.25153346225517587,0.34183276647522276,15,12,7b605fb6-d077-401e-b870-b87ddf505f82,Primary Tumor,TCGA-BRCA,da333184-1ddd-4cd7-9c0d-e4526a03a1c9
TCGA-C8-A12X-01A,-0.38232821467893047,-0.9778183286048124,15,12,65cde5d5-1efc-4e30-b1bd-a93598794f2c,Primary Tumor,TCGA-BRCA,9684fb22-becb-44dc-8d84-4c8540507c8c
TCGA-AC-A2BK-01A,-0.9143719644224834,-1.3507227416001488,15,12,6fa2a667-9c36-4526-8a58-1975e863a806,Primary Tumor,TCGA-BRCA,bd86e2d9-6098-4f78-9e9b-f2f95367c739
TCGA-E2-A15A-01A,0.658439817139336,0.3556759196430696,15,12,73ccc949-01b7-48d3-a7c4-c4bcd261672a,Primary Tumor,TCGA-BRCA,2a3dc057-3c00-405e-a18f-23e8c43494d4
TCGA-E2-A14N-01A,0.3714940461120332,-1.1149008145508925,15,12,752ad011-79e0-494f-9868-98bf6feb28f8,Primary Tumor,TCGA-BRCA,0648c6fc-df6d-450a-a5a0-e5655febbdf1
TCGA-Z7-A8R5-01A,-0.36645792161719615,-0.7740709209172435,15,12,23f438bd-1dbb-4d46-972f-1e8e74ddbd37,Primary Tumor,TCGA-BRCA,ee447251-5c90-426f-a0c7-bd2041189761
TCGA-A2-A0D2-01A,0.37104710458816004,0.05114186065804558,15,12,99e32c59-aa73-43fa-88c9-399ddadb2c72,Primary Tumor,TCGA-BRCA,64bfe46f-8152-4c70-b69d-ea412a4dfcff
TCGA-C8-A8HQ-01A,0.7575524797251123,0.7803179005172058,15,12,6951fe6a-d7d1-4f41-85af-76655b5d1f62,Primary Tumor,TCGA-BRCA,5997bdf5-2741-42c5-a01c-807864504c55
TCGA-A2-A4S2-01A,0.6281872668505524,-0.12561026401326766,15,12,9ddc014d-9a8b-407b-845f-452a73f08e5e,Primary Tumor,TCGA-BRCA,bab81011-81b1-4fa4-bda1-fddec99245f5
TCGA-AC-A3TM-01A,-0.03601329932608073,-0.6215875919918658,15,12,67c73260-a242-4bba-87c5-d2302556dff7,Primary Tumor,TCGA-BRCA,a853d2bb-b696-493a-9451-59dcedde5f20
TCGA-LL-A5YP-01A,-0.31111647844565987,0.4438678762397091,15,12,6d24e675-2fa4-4102-861f-7516650b3049,Primary Tumor,TCGA-BRCA,236805b9-ea89-43b4-ba51-c09276778e90
TCGA-D8-A1JA-01A,0.17117767745683743,0.8183171190358713,15,12,9ced0c70-c46c-4f98-8f48-840defe4b8b1,Primary Tumor,TCGA-BRCA,4c9005a5-2cca-4cc3-9a6d-09eb76d780ab
TCGA-AN-A04C-01A,-0.5304345279071774,-0.37620222854107926,15,12,66072c06-f251-4f0b-b6ae-12b407c52cc6,Primary Tumor,TCGA-BRCA,6d505305-dc5f-4dc7-8721-817f444ff7ee
TCGA-D8-A27E-01A,-0.02158095705784145,-0.14590361412915154,15,12,680f23a9-fcce-493e-b908-27c1ad202e4c,Primary Tumor,TCGA-BRCA,e5393dc3-65d0-4d65-bb75-2fed770af595
TCGA-D8-A1XO-01A,-0.021033176159069394,0.640050747677981,15,12,6a186809-3422-41d0-83d2-867145830936,Primary Tumor,TCGA-BRCA,0019c951-16c5-48d0-85c8-58d96b12d330
TCGA-A1-A0SO-01A,-0.43441027045105507,-1.0521275595127852,15,12,6644fd4e-d2fe-4785-a73c-0f36fcc740e2,Primary Tumor,TCGA-BRCA,2e753306-2df6-4666-b1ce-06992d109d02
TCGA-C8-A12W-01A,-0.509904437316783,0.2252236966483816,15,12,6adca853-1b09-47ff-814c-47b732a76d96,Primary Tumor,TCGA-BRCA,ae7a394e-b030-46d3-8cf2-c378c0afdc81
TCGA-C8-A12K-01A,1.9197119828421247,0.4249035834642769,15,12,6b923e30-2ddc-407f-91b1-c202f1373fbb,Primary Tumor,TCGA-BRCA,87af5cf5-08e6-443b-a23b-6221f7433a65
TCGA-AR-A24O-01A,0.21114876973411648,0.8525834998000565,15,12,125b0a9a-6cbe-4207-9178-e7ff03487e87,Primary Tumor,TCGA-BRCA,f0107961-a5e1-46ec-b232-a47f0049bc5f
TCGA-5L-AAT1-01A,0.5917669372349759,-0.2062844269893771,15,12,16fc3677-0393-4ed1-ad3f-c8355f056369,Primary Tumor,TCGA-BRCA,2d5b0962-b5c4-4482-9f28-47e4dcdb6df6
TCGA-A8-A06T-01A,0.8911171441937455,0.1096578926221422,15,12,2c04a2f5-321e-4dea-8e00-268325da65cb,Primary Tumor,TCGA-BRCA,45584684-6082-422f-abe5-ef918f8ee77a
TCGA-A8-A06U-01A,0.8582312541484962,-0.24184313056140774,15,12,6bc4c56d-aac5-49a2-9913-9538d06d898f,Primary Tumor,TCGA-BRCA,068841a8-af6a-4925-bad0-586005f59521
TCGA-PL-A8LV-01A,0.3215997693482179,-0.38564673947969763,15,12,389e5b18-8f89-41a9-9fa5-efd4172836e2,Primary Tumor,TCGA-BRCA,7286a685-17ef-4ef5-9b7b-2696c6e7e1a6
TCGA-AR-A0U0-01A,1.8439370748423143,0.11490223321256164,15,12,e3c336f5-c32f-4c5d-81fb-e2408ae145b2,Primary Tumor,TCGA-BRCA,4bb6eb79-4256-4b19-b158-883da969a582
TCGA-AO-A1KQ-01A,0.4104547059283921,-0.29093980084242677,15,12,d2219a3f-4c55-4dee-9b08-c6f330dd1acf,Primary Tumor,TCGA-BRCA,67d73608-5dfb-41c1-85d3-52f1eba7daa2
TCGA-E9-A1R2-01A,0.13624855741862366,-0.16351734723326683,15,12,8631969d-4ac6-4fe1-9db3-d47db604494a,Primary Tumor,TCGA-BRCA,58037e4a-a82f-42a9-84a1-715966343bd4
TCGA-BH-A18L-01A,0.16024440339040286,-0.8252837136896991,15,12,9ddc3e7b-8b54-4a83-8335-8053940f56c1,Primary Tumor,TCGA-BRCA,836f61df-2b3d-4e1f-abcc-37734091b746
TCGA-E2-A1IG-01A,-0.6071873221299451,0.08603366758835007,15,12,bc0bc70f-c6cf-4dbc-9dc3-8b7bc5f381a4,Primary Tumor,TCGA-BRCA,54a6b5bc-f788-4bea-b92c-e4dc9c71d99e
TCGA-D8-A1XV-01A,-1.3967747286700076,-1.2373371799143347,15,12,87b85935-a058-44ad-8fb6-8511130eaffe,Primary Tumor,TCGA-BRCA,0877bc64-fbf4-427f-a889-21a4a9102600
TCGA-BH-A1FD-01A,-0.17102316400671078,0.3311523477502464,15,12,3c8b5af9-c34d-43c2-b8c9-39ea11e44fa6,Primary Tumor,TCGA-BRCA,0437af11-bb89-4901-9764-bb410c2e94c5
TCGA-AR-A2LM-01A,-0.07070223405537365,0.4052900741093919,15,12,0bf6e772-1aa1-4f54-9a50-c1414e2f22f3,Primary Tumor,TCGA-BRCA,b8c05229-16e4-4888-9f44-556c5570a4af
TCGA-D8-A27R-01A,0.2834347921075398,0.7327157957949336,15,12,0b23b5fe-6c7e-4297-bc55-f93fcb830ac4,Primary Tumor,TCGA-BRCA,e3a49d98-c7d6-45a1-a8cb-33bab31186c2
TCGA-A8-A07S-01A,-0.7091091125505787,0.050062484912626194,15,12,a20fa2c4-a502-47e3-bfaa-2ec4cce3a859,Primary Tumor,TCGA-BRCA,bbe70939-24be-4397-a125-510cad51337c
TCGA-A2-A0CO-01A,0.6228808820431176,0.6567863125121596,15,12,8e54232d-d8bb-4612-8b0e-4feb076a60f9,Primary Tumor,TCGA-BRCA,da2cff7a-9b9d-4ae8-aa49-d717a77906e1
TCGA-BH-A0DI-01A,0.14303254233728055,0.6223752401683277,15,12,27ba717a-5cd8-440a-9345-4ae086f6efca,Primary Tumor,TCGA-BRCA,0e56b380-a3d6-4e81-8299-9f8a62330d7b
TCGA-BH-A0BS-01A,-0.8358118833693625,-0.261953957838931,15,12,2b22db1d-54a1-4b9e-a86e-a174cf51d95c,Primary Tumor,TCGA-BRCA,17b87e41-8f42-48d8-90f8-d2c9b8553481
TCGA-E2-A15R-01A,-1.4623159578608251,-0.1305357105296657,15,12,33b7bf50-53f4-4839-aa83-9665f85671d8,Primary Tumor,TCGA-BRCA,a6f96d96-c761-4e98-9120-25138aa43e67
TCGA-BH-A0W5-01A,0.5529973687493207,0.38623525803643105,15,12,da9c10ea-c13f-4d88-8b94-a0cbc106d036,Primary Tumor,TCGA-BRCA,ea4c3031-5f48-4048-90ff-a525271cfebc
TCGA-AR-A24T-01A,-0.11917330961919669,0.7580685712141805,15,12,9e3de467-fb0d-4021-89f8-b34968a7c7bc,Primary Tumor,TCGA-BRCA,e3e859ed-2cc7-4842-a9dd-72938cd2170c
TCGA-A1-A0SB-01A,-1.8349374472198277,-1.3276730083628203,15,12,0045349c-69d9-4306-a403-c9c1fa836644,Primary Tumor,TCGA-BRCA,0e0df72c-33c0-4e4f-939c-a4d45a6e1ea3
TCGA-E2-A572-01A,-0.11930915191709111,-2.1754262644085745,15,12,06ef6e83-5583-45b9-a0bd-edea68943083,Primary Tumor,TCGA-BRCA,cd002ab8-a52b-4d20-9089-11b3e1dbaeb7
TCGA-OL-A66K-01A,-0.862041552284035,-0.19998959282650175,15,12,2ab1b35b-9e56-475c-ac9b-15ed0a422683,Primary Tumor,TCGA-BRCA,e64c5a32-13c4-495e-ab4c-b5000332c09d
TCGA-A8-A0A2-01A,0.19999727174499296,0.29271580027542504,15,12,34d5a193-85e5-4399-8a9b-e92858eafdfe,Primary Tumor,TCGA-BRCA,d52eff00-a7b7-42f0-82fe-ec4c054b1dd9
TCGA-C8-A12V-01A,1.8274388882747712,0.4257124434163087,15,12,7e1673f8-5758-4963-8804-d5e39f06205b,Primary Tumor,TCGA-BRCA,71ce6854-2231-48ad-ba1b-54bb4ec7d713
TCGA-A8-A095-01A,-0.3914673220588699,-0.016045952077854347,15,12,29df128d-ace2-40cf-88ee-3f6f2170f159,Primary Tumor,TCGA-BRCA,dc8b305a-6f43-410e-9ce6-96ac24827550
TCGA-BH-A1EN-01A,-1.1443261736195052,-0.07943190921991929,15,12,858652b8-c4c2-41d8-be32-fdc88e1a7bb0,Primary Tumor,TCGA-BRCA,eedfb6fb-3db6-4eae-8c6c-8b6722ae72b6
TCGA-BH-A0BW-01A,1.5080671218698076,0.35131369093034853,15,12,5d1d00c6-fcae-479e-ae1e-de76efd41d98,Primary Tumor,TCGA-BRCA,1ab2be1b-4a61-480e-aa1b-eafab958f1f7
TCGA-A2-A3XW-01A,0.25309812618712274,-0.09288032315803259,15,12,c02699b5-580a-4d55-971e-f4692b2cce57,Primary Tumor,TCGA-BRCA,e59d6b6e-1a01-4f3f-b298-06f2c6c7b111
TCGA-B6-A0WT-01A,-0.9176175858874961,-0.5625327542849541,15,12,d7195183-9fe4-4b17-bcfd-9367d2e539ce,Primary Tumor,TCGA-BRCA,7ff8696e-3809-4b96-9259-be654631d952
TCGA-BH-A1FB-01A,0.9955420218548413,0.9517269341489012,15,12,ecab16bc-28d5-4c3a-8735-3c785bd047c4,Primary Tumor,TCGA-BRCA,d9b6b523-00de-4638-a3f3-8de841fb7183
TCGA-EW-A1PC-01B,0.19430351720199662,-0.005447889408776367,15,12,f45210d3-9e66-4f5e-bef1-5ee5547cc893,Primary Tumor,TCGA-BRCA,62c0cac5-05eb-46ea-b165-a2e9e342a259
TCGA-BH-A1F8-01A,0.35383497466881514,0.15594694593641426,15,12,ee554215-bea2-4268-aaf9-784e68cdb969,Primary Tumor,TCGA-BRCA,3ce988e2-61c5-4f53-b9c8-cfc280649c1f
TCGA-D8-A1Y3-01A,0.3850166283885947,-0.2191398527610563,15,12,632984bd-dc81-42b6-b024-476cfd0bb2ae,Primary Tumor,TCGA-BRCA,80902247-a485-4374-836b-4b67db4c4981
TCGA-BH-A0HL-01A,-1.6958845568411656,-0.7388693797104294,15,12,602083f0-18d9-48b6-a529-31e165c54b37,Primary Tumor,TCGA-BRCA,12c6b269-434e-4a18-aa93-844bc9c5eb4d
TCGA-A8-A08P-01A,0.9150581896009584,0.5056676209068663,15,12,f947d67f-4aa2-4eb9-977e-21a5ae563613,Primary Tumor,TCGA-BRCA,dbe79158-b616-4c7b-94d7-5f127b3013ff
TCGA-EW-A1J2-01A,0.5045324889265318,1.0815534310523676,15,12,a381275f-8858-4793-a8a2-0ca9db7274c8,Primary Tumor,TCGA-BRCA,71ea0cc0-d979-4efd-a670-1e8e8a329aca
TCGA-BH-A0B2-01A,0.8634779206073571,0.7383869006075722,15,12,57a1604c-60b7-4b30-a75e-f70939532c5c,Primary Tumor,TCGA-BRCA,f78dec09-cb25-49c1-828c-6a88cf2be7d3
TCGA-BH-A0H9-01A,-1.0683826461990504,-0.4010535333318003,15,12,0f64edec-0f1f-4025-8a53-75f9534f7828,Primary Tumor,TCGA-BRCA,ad4b2d76-b4bb-457d-903f-823630a4d37b
TCGA-B6-A0IH-01A,0.10475005121261848,0.011019233706488135,15,12,2476dda9-da2a-4242-9642-b92b8b9b1c79,Primary Tumor,TCGA-BRCA,c71bfebf-e152-4706-bd72-07103f936a85
TCGA-EW-A1PH-01A,0.6669528184691491,-0.07841731215010152,15,12,4da999a0-ef41-4a0b-b1d1-446b39cc855a,Primary Tumor,TCGA-BRCA,67317cce-4a8c-4313-bb26-4ef7759071b9
TCGA-AC-A62X-01A,-0.17567008274866172,-1.270266536000164,15,12,5b2a4f11-ca46-4974-9420-59b4820920bf,Primary Tumor,TCGA-BRCA,00469928-b243-4cae-acd7-134508e99ceb
TCGA-A8-A083-01A,-0.16816987441292913,-0.5308814742368009,15,12,afb9418e-91eb-4db1-aacf-12bd946c9ba0,Primary Tumor,TCGA-BRCA,e24e6f7c-49c1-498e-b269-4bee014007af
TCGA-EW-A424-01A,-1.0055365568041486,-0.17132699407291643,15,12,a6502f17-6bee-4d5a-8520-06364593d39c,Primary Tumor,TCGA-BRCA,845def46-3502-40a8-aff1-8d021906cee5
TCGA-E2-A15S-01A,-1.1812819027220138,-0.5643596378209005,15,12,0f7ab21b-1fd0-45e0-9a47-17c4691eb84f,Primary Tumor,TCGA-BRCA,064215bd-9ec9-4a16-8ea2-9c6604156398
TCGA-B6-A0RO-01A,-0.03050617580586911,-0.5994158028529929,15,12,0b172e29-6166-4863-803d-a0a010887c11,Primary Tumor,TCGA-BRCA,6df72103-ccfb-4a53-b839-2e8c47ec2145
TCGA-A7-A4SF-01A,-0.6729811120164431,-1.0687510271399585,15,12,d81594d9-dd6a-45c3-8bad-61960611d78d,Primary Tumor,TCGA-BRCA,b3b6d3bf-426f-4720-9adb-98783faa0eff
TCGA-D8-A27I-01A,0.2632170829568453,0.8864389916701025,15,12,9c55032f-4db7-4026-ae83-8d060dd8e3fe,Primary Tumor,TCGA-BRCA,0c0ddcd7-8b4c-4489-b642-e48c4ab4602a
TCGA-E2-A15I-01A,0.2967296658930211,-0.2839131824438483,15,12,64089c20-939f-48b4-ae8b-904ad0597145,Primary Tumor,TCGA-BRCA,cf53cdad-a323-475e-a84a-87b68d13e262
TCGA-BH-A18G-01A,-0.6360608033496238,-0.8340968311421247,15,12,747083ff-0703-431b-aad4-f2adff739516,Primary Tumor,TCGA-BRCA,ff1f2f31-8607-4627-b487-c5e39e7c30f5
TCGA-A2-A0EV-01A,0.5339557477272432,0.27903031025222735,15,12,7032ec9c-e96b-4642-a7b6-d0aee7a3add2,Primary Tumor,TCGA-BRCA,75d5bcb2-3055-4b6a-822c-1aa37a9f1337
TCGA-AR-A0U4-01A,0.7846487081284831,0.6541394617591775,15,12,71f97b63-c970-44ee-98c2-e02e663d5a40,Primary Tumor,TCGA-BRCA,1f5bbb4e-9b0e-4953-a360-83fd7b6a2267
TCGA-BH-A18I-01A,0.849848723362696,1.0547781358079094,15,12,9c1ceb7d-6fed-4c2f-a89a-bf3c5b15ca58,Primary Tumor,TCGA-BRCA,3690d431-165d-40bb-af61-cfda445b3be8
TCGA-B6-A0RU-01A,-0.32032738052210313,-0.08209278843111621,15,12,6956473b-92e5-4069-a26b-b48e280e76f2,Primary Tumor,TCGA-BRCA,9bb406c8-2b8e-410e-8bca-02a778312056
TCGA-A7-A26J-01B,-0.9382904494577493,-1.030825095579188,15,12,6cb6f179-defd-4661-af0a-c353b74c0c49,Primary Tumor,TCGA-BRCA,b1ad91fb-fb78-4896-83cd-dad028a1d297
TCGA-A7-A13G-01B,-1.359581914029979,-0.370838747847962,15,12,6cd9baf5-bbe0-4c1e-a87f-c53b3af22890,Primary Tumor,TCGA-BRCA,d2b6c967-b505-4f52-a4f7-91b6e8acbd1f
TCGA-A7-A3IY-01A,0.18709708902014238,0.34030431221919927,15,12,6b4e0262-f589-4532-b578-9f2d76c19d90,Primary Tumor,TCGA-BRCA,94db1456-e7f2-4f5f-92e3-b8faa801097d
TCGA-BH-A0C0-01A,1.2049589721630767,0.07705844020923665,15,12,7875018b-91dc-4ab1-83b0-ee3883e2816e,Primary Tumor,TCGA-BRCA,3eadce70-ba3d-4806-b112-6ac83bc89dc4
TCGA-A2-A4RW-01A,-0.4615612400450886,-0.10076699975954534,15,12,0d146997-cfdc-4587-888c-e876fc455c80,Primary Tumor,TCGA-BRCA,c8b0b391-320c-4fea-9b68-3070103cb148
TCGA-D8-A143-01A,0.20278604906221354,-0.2728397682193515,15,12,1c40b84e-a0e3-429f-a48c-21566cf881c0,Primary Tumor,TCGA-BRCA,be002264-f534-49b3-90d1-fd5a3f622fb2
TCGA-A7-A4SB-01A,-1.2781405686267182,-1.0490013547336685,15,12,a947a945-4721-45cc-bc45-13b8ea41c10e,Primary Tumor,TCGA-BRCA,2700aca8-b120-4655-87ab-a9f8f7f633db
TCGA-A2-A0YM-01A,0.5719360659549751,0.3602688616598973,15,12,5cbf0aea-ebb4-4005-bdd5-14ef2dc6826c,Primary Tumor,TCGA-BRCA,fe7dfda5-6846-4238-9ccc-472978eb78a1
TCGA-E2-A1LE-01A,0.41857780796605243,0.6385541006465298,15,12,7317e605-93ba-49a9-8743-20613b02767a,Primary Tumor,TCGA-BRCA,f3d5f550-311d-4c59-8576-81fde80db315
TCGA-AO-A03N-01B,-0.8764580689227055,-0.505989659161449,15,12,9435447e-d65f-408b-863b-6576b1d652dd,Primary Tumor,TCGA-BRCA,5c0579f7-6184-4afa-805c-7aeec4a4c5d2
TCGA-E2-A1LI-01A,0.8187979088433822,-0.07099882379071286,15,12,3558dec7-eae3-4a41-a217-266c6a4535fb,Primary Tumor,TCGA-BRCA,b0cc3c29-89fe-4010-8f56-137f2b897bce
TCGA-D8-A1XR-01A,-0.6845046616129257,-0.0036828624875147827,15,12,70f34c5c-3671-44c8-9469-99f9786efec1,Primary Tumor,TCGA-BRCA,987603ab-513b-44d6-8b8e-344fd299a81a
TCGA-OL-A5RY-01A,0.5877194114994778,0.3297646690317208,15,12,8360cec6-daf6-41c9-9a4f-7fc03c958dcc,Primary Tumor,TCGA-BRCA,07478a1d-adbe-4fa7-858b-0edb74171eec
TCGA-D8-A1JJ-01A,-0.04018715758840104,0.5875537880796167,15,12,f7ab565c-83b5-4988-b9be-8a46f65dca8c,Primary Tumor,TCGA-BRCA,268eed55-913e-470b-8940-68daae0b21aa
TCGA-E9-A1NA-01A,-0.05990650215210918,0.6404494556865469,15,12,af577366-0258-49e7-b6af-e70056c081a4,Primary Tumor,TCGA-BRCA,08671bd5-f67a-46fa-979d-4aa40fb6575a
TCGA-B6-A1KI-01A,-0.6152210763852474,0.18238463797798055,15,12,1dafdd64-527d-4d46-bbdf-7a97774f881b,Primary Tumor,TCGA-BRCA,80d565a0-59f6-409e-8850-5d4e2b5b996d
TCGA-S3-AA11-01A,-1.1582064696951524,-0.6625001578310304,15,12,0dd8dbc1-c48b-4e7c-b401-57101f724967,Primary Tumor,TCGA-BRCA,9b5b1b38-58b8-47c9-badf-086676e44c1a
TCGA-BH-A0EI-01A,-1.209076797203785,0.21899523984528965,15,12,22b35927-1c3f-4f98-ba42-deafc56b677a,Primary Tumor,TCGA-BRCA,760131f1-5fbf-469f-9629-43733014953d
TCGA-3C-AALJ-01A,-0.4647304460624278,-0.8021706570502122,15,12,427d0648-3f77-4ffc-b52c-89855426d647,Primary Tumor,TCGA-BRCA,931442ba-af81-4b68-beca-7285fc44b1df
TCGA-AR-A0TW-01A,1.0321571916840635,-0.2397441418007582,15,12,8da3d6cf-381b-4d1b-93fa-41fd9d2b2e66,Primary Tumor,TCGA-BRCA,c38adc46-f0f2-4c71-91b6-da2159dcb190
TCGA-AR-A24M-01A,-0.5602896891060768,0.42447094553284687,15,12,aa30ac3d-4216-45dd-a314-1ae192fafcb2,Primary Tumor,TCGA-BRCA,5645320f-820e-45b7-b4cf-ea05085f53e3
TCGA-AO-A124-01A,0.23828944044254444,-0.6247904068647664,15,12,b094e8b2-8ece-4b36-8025-18073a8b873c,Primary Tumor,TCGA-BRCA,a63cca36-139d-4054-9d99-9b04ddae7ec2
TCGA-B6-A0RT-01A,2.0483589513672738,0.5664607442256063,15,12,4bf50455-9ab7-4521-a791-089f66d3b877,Primary Tumor,TCGA-BRCA,08b0fe4c-ee3c-4510-b75a-6d240cb038cc
TCGA-D8-A27G-01A,0.5108433397740527,0.6707301452564605,15,12,6f6e7356-3521-4674-8eec-ad01340d4b8e,Primary Tumor,TCGA-BRCA,66dbe196-661b-4d0e-ac48-b82fc6a67cc8
TCGA-E9-A5UP-01A,-0.41290288251275353,-1.2479904321397195,15,12,a412b374-4d25-491f-b76f-ddaa989acf59,Primary Tumor,TCGA-BRCA,5428e771-3ea8-46d1-842e-50a270d26bd3
TCGA-A7-A26F-01B,-0.3412964187822893,0.6233875563604315,15,12,3b7b9c1e-a84c-47ed-983c-9e4b00cbf01a,Primary Tumor,TCGA-BRCA,6fe2f370-6592-4d85-992c-1b5449a62dbe
TCGA-E9-A1NF-01A,-0.32411243648160043,0.5380485826750464,15,12,a8b1f6e7-2bcf-460d-b1c6-1792a9801119,Primary Tumor,TCGA-BRCA,481c702a-58ee-4fab-9559-434a45615aa5
TCGA-E2-A1IN-01A,-0.5442251135759916,0.6397406748488402,15,12,f43d622f-eed5-4933-adc6-ae9ad1e33028,Primary Tumor,TCGA-BRCA,c9ff3787-de6e-4535-be34-6425ccf9079f
TCGA-E2-A14S-01A,-0.18137574727571018,-0.07131173922741775,15,12,c2b104ee-f914-4e79-9e1b-56bf88157472,Primary Tumor,TCGA-BRCA,1f9a9190-4157-457e-9794-a9217d2aa2f8
TCGA-E9-A1RI-01A,-0.13531171128865446,0.5755429700280005,15,12,dd3bfb26-b534-4917-9c4d-9fe7b6477762,Primary Tumor,TCGA-BRCA,92dd3ded-2b51-4d1d-8c8a-09ed1f0b16ed
TCGA-AR-A2LJ-01A,0.3454216042036696,0.3023312744983228,15,12,738e1acc-1f0c-4a96-9c8a-222727ef5af8,Primary Tumor,TCGA-BRCA,eba83203-1de1-447a-88d0-2ffbccc24990
TCGA-EW-A1P8-01A,0.097298433976547,0.21403091734262578,15,12,359f12f9-5c41-48a4-85bc-fd7e307bf7d8,Primary Tumor,TCGA-BRCA,c15e9ead-0373-486e-a99b-26b96bd3ccc4
TCGA-AR-A0U2-01A,0.45833427252553277,0.01806320497586322,15,12,9ad603dc-3fd0-44f5-ae4e-64eeb1ae8d6d,Primary Tumor,TCGA-BRCA,91e43fc0-1bd1-41e3-a828-43ec6620feb6
TCGA-A2-A3KD-01A,-0.4474269039226189,0.20311175055104166,15,12,bb026999-0aab-4232-96d7-2c93b6c9691d,Primary Tumor,TCGA-BRCA,5599b7dd-7c2a-4037-ad77-11a0b4ddcb54
TCGA-BH-A1F5-01A,-1.144533621461366,-0.33256304160754135,15,12,e663954c-05a8-479a-a623-400c1eb5efc6,Primary Tumor,TCGA-BRCA,d657ed9a-fd92-493c-ae10-120c8b0c58d7
TCGA-C8-A1HK-01A,-0.3434392342002834,-0.6928311045390602,15,12,52c35691-efca-42f5-a03e-02c9f872275c,Primary Tumor,TCGA-BRCA,2040d4e4-0ecb-4081-9478-9d2707833a1b
TCGA-A8-A081-01A,1.1813582460770704,0.06547783278247543,15,12,9d876f05-5080-4c4e-9bf5-45f631d381e5,Primary Tumor,TCGA-BRCA,59915f69-8e37-44a8-a8f6-feb9e06b6703
TCGA-A2-A0YT-01A,0.02195825324198574,0.03952403596345342,15,12,14b95463-2108-4921-afc2-e29eef52b18f,Primary Tumor,TCGA-BRCA,f94b47fb-764c-456f-946d-907a2fc154db
TCGA-D8-A1XC-01A,-1.193655350986275,-1.3271690688874442,15,12,ee14e049-b891-4dda-a730-8ce99bd93baf,Primary Tumor,TCGA-BRCA,deb932e6-470e-4fae-88f1-efb2e820325e
TCGA-BH-A1F6-01A,0.4474241302762939,0.016468895143298735,15,12,ad18820b-a804-49c0-ba8a-86c09fa6bce2,Primary Tumor,TCGA-BRCA,76bcf698-d2da-42de-b33c-c5deb721c643
TCGA-C8-A12Q-01A,0.12620853714491273,0.6686260312247364,15,12,a824b3bd-34d5-4cc1-a92f-f9d6ac0f1814,Primary Tumor,TCGA-BRCA,2faa9332-e577-4884-94e4-b895827db8b6
TCGA-A2-A0EY-01A,-0.07612957110334569,0.16805238231809314,15,12,d67cd793-2931-429a-9084-2f3c4c8be7ad,Primary Tumor,TCGA-BRCA,c7571e35-d912-4935-b2c3-bbba019fe9f8
TCGA-A8-A07U-01A,1.6816311410556677,0.5305279169908972,15,12,59bf0ce4-715a-4017-bccb-c59916e78324,Primary Tumor,TCGA-BRCA,ad67e3a9-1751-4e6f-a962-2175f824f96d
TCGA-EW-A3E8-01B,1.1921349821181229,0.5473299987652628,15,12,c0b7b798-3383-4a45-a455-9eca5810739e,Primary Tumor,TCGA-BRCA,d0dcec39-c407-4593-98e3-133714cf2f7b
TCGA-BH-A0BV-01A,0.3010120019835243,0.4221354786775496,15,12,87f03d04-e651-4a6e-aea6-1c946aa46202,Primary Tumor,TCGA-BRCA,d84ce38f-afb8-4b1a-9a5f-f62d59577b3d
TCGA-A2-A04X-01A,1.5245206031215206,-0.018894752501105422,15,12,733a2a0f-b37a-4b81-b49e-3c0f30d1eb37,Primary Tumor,TCGA-BRCA,4cac7145-605b-43d2-a1e3-309971cbe173
TCGA-GM-A3XG-01A,-0.8889174928541792,-0.8883254544274918,15,12,6f0fd68f-ed6a-4c9e-be02-c97ba4950f76,Primary Tumor,TCGA-BRCA,fc1ea7f7-814a-43c5-a841-fb0c11734603
TCGA-BH-A18N-01A,-1.0841688267721112,-0.05814757620093114,15,12,665dd3d3-779c-4abd-b5d7-13342340451d,Primary Tumor,TCGA-BRCA,97dd05b6-58a9-43ab-9e03-faa105d2a700
TCGA-AR-A5QM-01A,0.00802210971567287,0.1742741380661812,15,12,9c895825-d6f6-4d14-a662-23212200f6e5,Primary Tumor,TCGA-BRCA,cba08218-0a7b-4425-8776-b240fac9b6cf
TCGA-E2-A10C-01A,0.3865120008324268,-0.2869131317171329,15,12,9ac44381-5d43-4f63-aa3f-7703bfc923c9,Primary Tumor,TCGA-BRCA,4662f2d3-edd6-4260-a4ad-04c46ca54443
TCGA-A2-A04Y-01A,0.5857744889407053,0.37322165791448975,15,12,9ce7ce09-4409-4fa3-9f78-b2b24716f860,Primary Tumor,TCGA-BRCA,59980021-265a-4817-b7ea-02908a52cbcb
TCGA-A7-A0CH-01A,-0.6868275850513285,-0.3551948779263692,15,12,9de678e5-67ed-4453-a98b-7ac351d5d0f1,Primary Tumor,TCGA-BRCA,64657d41-17ad-4692-8a13-0cf55c55f11d
TCGA-A7-A26J-01A,-0.5352004540990557,-0.6366459855723918,15,12,6cb6f179-defd-4661-af0a-c353b74c0c49,Primary Tumor,TCGA-BRCA,e5363f56-84fa-4b66-a005-1e7cdcb84c2f
TCGA-BH-A1F2-01A,-0.5853531748491041,0.7870609806583538,15,12,6a2972e3-cca9-47e5-aac0-b770f2399eeb,Primary Tumor,TCGA-BRCA,773071d4-438a-4da7-b833-d2d172c4c4e2
TCGA-BH-A42T-01A,-0.1880970984018408,0.2281032686627141,15,12,10c829ec-fd66-49c4-8afe-ad3ae567372c,Primary Tumor,TCGA-BRCA,2455f280-a23c-48ec-b4c1-698b56f72a45
TCGA-AN-A0AM-01A,1.0007793481541762,0.15058389355394317,15,12,00a2d166-78c9-4687-a195-3d6315c27574,Primary Tumor,TCGA-BRCA,e14858ca-8bb5-4d6d-906c-5d62722d90f8
TCGA-HN-A2NL-01A,0.5872361846293298,-0.611494339626046,15,12,124b693c-77dc-4fa8-b703-54e8b5054a92,Primary Tumor,TCGA-BRCA,7125229a-2fc6-402d-bd87-ad0d3195fd49
TCGA-AC-A2FB-01A,1.2814704024216104,0.746892957334754,15,12,02bbb632-0f7f-439d-b8f0-c86a06237424,Primary Tumor,TCGA-BRCA,fde3b574-b9be-4dc2-a5ae-aaab8a0bbd26
TCGA-BH-A0H3-01A,-0.062020995929663,0.6348520728662926,15,12,6cdc0d53-f813-4101-81e5-9bee68270536,Primary Tumor,TCGA-BRCA,0e89a7ce-aed2-4c74-9bdf-cf50793c73b6
TCGA-AQ-A0Y5-01A,-0.8415860469417455,0.7880366469647316,15,12,d0b78f3f-a198-437a-ab8c-204345d3b75d,Primary Tumor,TCGA-BRCA,c2515ef2-5cfc-4cc2-9541-ae072616d361
TCGA-A7-A0CD-01A,-0.42524782367969194,-0.1645841538452289,15,12,09765b0a-94f6-47d2-af56-93368084ac3a,Primary Tumor,TCGA-BRCA,79bfddcc-1d7b-43a7-9221-8f230eca31d8
TCGA-LL-A6FP-01A,-1.766469444825991,-1.5617568883048312,15,12,5c9d8163-a68e-43ce-9cba-effb7405761e,Primary Tumor,TCGA-BRCA,06227b3b-56d0-4657-bb37-8f56a3dc15f7
TCGA-BH-A0BD-01A,0.9730298922125388,0.3307955850562739,15,12,b379bfb8-284e-4300-8325-85cfd6809cb8,Primary Tumor,TCGA-BRCA,f7a47166-9593-4a37-b95a-2de86b6d65c9
TCGA-A8-A07G-01A,0.0859345518450635,0.5501559797001659,15,12,8cf8b620-7ab6-4b6e-84bc-ff5a83f381fa,Primary Tumor,TCGA-BRCA,ed0aae7b-f815-4dc8-a98f-5844602cbaea
TCGA-D8-A146-01A,-0.22908742041211624,0.4276499426080807,15,12,03da7a65-fa2f-42cb-a709-5fe8736f21d3,Primary Tumor,TCGA-BRCA,839a4656-f2ce-4460-858a-8e6b314695ef
TCGA-C8-A1HI-01A,-0.019207129054753583,-0.19458540620739187,15,12,444374f8-9282-439c-af00-0f828edcbff3,Primary Tumor,TCGA-BRCA,b46720bc-7f5a-4bf4-a2a3-3d9fe500d193
TCGA-E9-A1R4-01A,0.6973303941976383,0.3183648493305047,15,12,b7a4df9a-4e25-4550-9c10-338ca1921c2f,Primary Tumor,TCGA-BRCA,488399aa-ef3c-42d7-817f-9db11b9902dd
TCGA-A8-A07E-01A,0.24447982403030905,0.9064869837585642,15,12,853456d8-2367-404e-abc9-020fe8bbd209,Primary Tumor,TCGA-BRCA,a9527be9-e865-4074-ae57-f3510e70c203
TCGA-AC-A2QH-01B,-2.87195487693404,-1.5136931019320121,15,12,67c5f371-3fa9-47c5-8b15-c2dd9acc8519,Primary Tumor,TCGA-BRCA,7002e8cb-0d64-4d4b-a483-bf6dec3c2abb
TCGA-A7-A0DA-01A,-0.3201623796531151,0.21385382995616933,15,12,3afa1e93-1df8-4e4c-aaa4-557463f4bb77,Primary Tumor,TCGA-BRCA,3293a2fa-d57c-448e-a336-a92def5dd92a
TCGA-BH-A0B1-01A,-0.11488046316573526,-0.098590383089184,15,12,b4e4fea2-b802-4a86-923e-3fcbd3c708fe,Primary Tumor,TCGA-BRCA,aabb4a65-aff2-4f78-a969-bacbe5b80856
TCGA-AR-A24Q-01A,0.6125880686191334,0.5425865305381086,15,12,28e9048a-e540-42de-a1f4-4ef894fccc4c,Primary Tumor,TCGA-BRCA,5cce30f3-99ae-4959-987a-0d280dc2ec44
TCGA-E2-A155-01A,-0.997805636221663,-0.8499647212651853,15,12,01f50abf-fc15-446e-9d07-edeecc545a32,Primary Tumor,TCGA-BRCA,ee89e01e-d54e-4166-a3ae-db9357639523
TCGA-A2-A0SV-01A,0.4952518235626665,0.8129362578003133,15,12,ad01259b-d858-40bc-a6ba-0bb06e996afb,Primary Tumor,TCGA-BRCA,1b65bcb7-8170-4eb8-af93-c547b984c571
TCGA-C8-A134-01A,1.420524697048297,0.41718020127448613,15,12,f1692f4b-ce1b-4fc5-ac55-1022ecae0d1e,Primary Tumor,TCGA-BRCA,4081fb70-afcd-4be3-a071-6df014f4fa52
TCGA-BH-A0HA-01A,0.6326824574822357,0.1629643745002918,15,12,e666081b-caaf-4e8b-9446-807be71201a5,Primary Tumor,TCGA-BRCA,40d222ea-3a59-45b9-91a2-0566b239c89e
TCGA-B6-A0IM-01A,-0.24069678532738423,0.39318147743294013,15,12,5a4b7098-1f6a-49e9-b364-29d6d34f5bd5,Primary Tumor,TCGA-BRCA,f205f47f-bd57-42bf-a702-4a17d4391411
TCGA-A2-A3XX-01A,0.3802084580361134,0.20051611382244405,15,12,53886143-c1c6-40e9-88e6-e4e5e0271fc8,Primary Tumor,TCGA-BRCA,c0f6d246-c872-41a5-8135-2bdbdb1f924f
TCGA-A2-A0ET-01A,0.5474495108317166,-0.5579040940916937,15,12,96f23d8a-be0f-4925-ba00-805dc293414c,Primary Tumor,TCGA-BRCA,1c386dc6-8279-4156-bd7c-47e2f8af27bf
TCGA-A2-A1G0-01A,-0.17052107874181419,0.2919042894690172,15,12,2e538802-2a31-4774-89a8-c6e4381a887d,Primary Tumor,TCGA-BRCA,ef3ba95e-2251-43a6-8910-2bdfb02d22be
TCGA-AR-A0U3-01A,-0.6813806538883641,-0.6458068377970138,15,12,c5f00132-1c6b-4337-af6f-596c652665cc,Primary Tumor,TCGA-BRCA,dcf2260b-c0bf-4f59-a4da-079a340b1e33
TCGA-AC-A2BM-01A,0.06997334286482423,-0.12188007494411096,15,12,8159ff7b-89f4-411a-9b9c-491f1cb3eb34,Primary Tumor,TCGA-BRCA,b0e49ee8-40e0-4edf-bcde-277a0fe1d12f
TCGA-A2-A0CQ-01A,-0.4810708588964731,-0.41651651366367176,15,12,ab34a9a2-d72d-4106-94fb-118844b1b60b,Primary Tumor,TCGA-BRCA,5b6828f2-4da6-49a4-a19c-569e089ff0b0
TCGA-AR-A2LN-01A,-0.4351766811189387,-0.058093326113754146,15,12,a076f135-be82-40fa-8516-285ed355c965,Primary Tumor,TCGA-BRCA,587b3262-55f8-4611-8431-0c02a5df652d
TCGA-A7-A6VX-01A,-0.14458504251349438,0.17400647913737996,15,12,7eea2b6e-771f-44c0-9350-38f45c8dbe87,Primary Tumor,TCGA-BRCA,e1a528ee-1bec-4aa5-bb9c-9d0af3ba4108
TCGA-A2-A1FW-01A,-0.42003327980791,-0.23890385607652154,15,12,54883111-d475-4515-ba3f-fece8a71e79e,Primary Tumor,TCGA-BRCA,e06eeb14-0ebf-453f-847b-b1ae63fe8194
TCGA-BH-A18T-01A,0.17608108541766743,-0.05027734434510592,15,12,30ec8b1f-28c4-4f46-8a1b-a8d51e558c7d,Primary Tumor,TCGA-BRCA,08837ae7-6f4f-4aa1-8722-7c404b66ed75
TCGA-BH-A0BQ-01A,0.2378091108459385,0.1692043621254912,15,12,b3bb8fd6-ee54-4813-b042-2bbe70115382,Primary Tumor,TCGA-BRCA,9cbb73a5-7b3b-4559-a295-d4693ae6dee2
TCGA-BH-A0H0-01A,-0.44379575078722516,-0.4390725361593007,15,12,96457ebf-ae88-41f4-97e5-cdc3163418aa,Primary Tumor,TCGA-BRCA,e4086c26-d200-4e42-8249-ed8cbeec0951
TCGA-D8-A27K-01A,0.14127308475357928,0.45985108459415597,15,12,7f97971b-2818-4e4b-9c9e-7c0246f9484c,Primary Tumor,TCGA-BRCA,0e9ea184-c4bc-43f0-817c-8a950008e4bd
TCGA-BH-A0BF-01A,1.2872029049658658,0.9766597775593292,15,12,e6b79d7a-ed6b-459a-b040-d142616e7ab4,Primary Tumor,TCGA-BRCA,84df6b33-7f6a-496d-8cd7-f523b07fd0bb
TCGA-A8-A09B-01A,-0.524980383220807,-0.02602305601168996,15,12,3828b534-908e-4953-a3fb-07d01cf49c7d,Primary Tumor,TCGA-BRCA,1a4285b8-765b-4954-b9f2-dc8609572889
TCGA-BH-A0DP-01A,0.08837344725487035,-0.15819364629134547,15,12,14267783-5624-4fe5-ba81-9d67f1017474,Primary Tumor,TCGA-BRCA,e5b0c2dc-c652-40a0-bb80-d7e87830b406
TCGA-A1-A0SK-01A,-1.2114722723153037,-0.7895791155483437,15,12,a5b44d66-c162-46b5-9df2-86305f0385c5,Primary Tumor,TCGA-BRCA,507952aa-23c0-4239-ae19-04d8f862acc2
TCGA-W8-A86G-01A,-1.1884970890106317,-0.6616257784217239,15,12,90ff48c3-b14b-4a8b-94a1-98c0bab0d27b,Primary Tumor,TCGA-BRCA,90cb5f76-ec86-4532-8352-e6622ef24980
TCGA-E2-A574-01A,-0.9869510933389996,-2.071238534335222,15,12,029ce650-5e5a-4100-8596-cd94300e7ef5,Primary Tumor,TCGA-BRCA,ef227e3c-7a6d-4c43-945f-c1c7b410d50b
TCGA-A8-A093-01A,-1.0467803036775643,-0.19758478426432846,15,12,02f5ae33-a563-4ecb-9e33-dfa500a44931,Primary Tumor,TCGA-BRCA,56be281f-e85c-4dcb-9d75-cd9ae3430bbe
TCGA-A8-A084-01A,-0.20179867041498029,-0.1302794145271922,15,12,3dbe99d1-e3b8-4ee2-b6a8-2e2e12c6fbe9,Primary Tumor,TCGA-BRCA,86d52d54-1b0d-40b1-99ce-82b4e345acb8
TCGA-BH-A0GZ-01A,-0.7543817483249077,-0.3532587540016953,15,12,27dfb9d4-3a2c-44bc-9acf-8f638d3f3004,Primary Tumor,TCGA-BRCA,1c74a1ed-8000-4dc0-970f-03831ca5e167
TCGA-XX-A89A-01A,0.09210547333986939,0.5696148474280688,15,12,ca20249f-b7ea-4fd9-9ecb-34f74755ae35,Primary Tumor,TCGA-BRCA,e25bb12b-f88b-41c5-951e-a36d4b94008f
TCGA-LL-A740-01A,-0.8933424024601927,0.7062195344352552,15,12,aa60fa8d-c374-40e0-af2d-b007701e67e3,Primary Tumor,TCGA-BRCA,e3e56a3c-5a8b-419e-8904-194a2fdfa550
TCGA-A2-A0T2-01A,-0.09942562088904593,-0.1239813779611706,15,12,128d198e-9b22-427c-90db-3714455f3a17,Primary Tumor,TCGA-BRCA,54600389-6de5-44ce-ada1-8a8508b50980
TCGA-E9-A1N6-01A,-0.5643853714514321,0.2017527373187935,15,12,955d4263-61f7-42e8-8a6e-772a0d6c209d,Primary Tumor,TCGA-BRCA,c3b9e954-9acd-481d-b6d1-86db1e62d037
TCGA-E9-A1NC-01A,1.239673712812263,0.20060316808240441,15,12,e74aea7c-ca14-49df-b5cf-dacb839ac27a,Primary Tumor,TCGA-BRCA,a83dac26-4fdb-4819-be18-a6e03641fb80
TCGA-AR-A24H-01A,0.6259846759300803,0.29664657251425325,15,12,6f89509c-f802-482e-b4da-94553aa76fe9,Primary Tumor,TCGA-BRCA,f2bf29d2-4c33-4810-90e8-88f37ea47bc8
TCGA-A7-A3RF-01A,-0.6348769140328799,-0.10834296725865993,15,12,7451af3c-acc0-4d79-8429-6b8be96911d8,Primary Tumor,TCGA-BRCA,d56cbe4c-2158-4f78-a545-d5c963a22978
TCGA-B6-A0RG-01A,-1.2076499610403475,-0.7440866220630178,15,12,9b13927c-7357-44fd-8385-92ae6a656b7d,Primary Tumor,TCGA-BRCA,cdfe79d9-a0bd-4700-937f-07bd0ee51d73
TCGA-A2-A0EX-01A,-0.6741669038872047,-0.2841583984835443,15,12,9d8702e1-1a36-4bca-85ab-5f11d58d7953,Primary Tumor,TCGA-BRCA,8f79405a-c78e-4a9e-a673-969658a0f90b
TCGA-E2-A1B5-01A,1.1899550100552845,0.10174549343093316,15,12,7241b3d4-31ee-4fd2-a4a5-35a9d5f37d6a,Primary Tumor,TCGA-BRCA,2cd221ee-4d29-4f40-ab4c-780cc9045c5a
TCGA-GM-A2DI-01A,0.6386417580074751,-0.10498668128157536,15,12,66fa504c-4ae4-49ac-9355-1e063776dc0d,Primary Tumor,TCGA-BRCA,bbff7857-30a2-41ad-b2f7-5a6ffc59fe0c
TCGA-BH-A18V-01A,1.2387578075540153,0.4234624697272937,15,12,6b960b58-28e1-41c6-bd6e-7e669c6aa4ef,Primary Tumor,TCGA-BRCA,19baf63b-8488-4b90-83b7-a6c671da0095
TCGA-E9-A1N4-01A,0.5404896979151744,1.1551346113303267,15,12,69a68fbc-e43d-4652-85ee-693211bded47,Primary Tumor,TCGA-BRCA,ac70b1a2-ff7d-49db-a962-4c07479d50b6
TCGA-E2-A1II-01A,1.3939711215408892,-0.3641248139122783,15,12,0fe1419e-a005-407c-8ae7-15c4c1579539,Primary Tumor,TCGA-BRCA,b9220098-f6f9-4732-8e94-3c9eeb4b8479
TCGA-A8-A06O-01A,-0.06670237350583126,0.06940466424800523,15,12,69054195-9e93-49e5-b820-69b0091cc2d4,Primary Tumor,TCGA-BRCA,7f2773df-bece-43e0-94ff-46ba7dcf713e
TCGA-A7-A13G-01A,-1.3270588883890249,-0.9275545140780483,15,12,6cd9baf5-bbe0-4c1e-a87f-c53b3af22890,Primary Tumor,TCGA-BRCA,d4943f66-388e-4c86-b61a-5ef9fef34eff
TCGA-LL-A440-01A,-0.21499652879573025,1.105054799093329,15,12,00b11ca8-8540-4a3d-b602-ec754b00230b,Primary Tumor,TCGA-BRCA,e6f927ef-840f-438a-9559-863cc64f71e0
TCGA-LL-A6FR-01A,-1.1074036095596078,-1.035069907415666,15,12,1347c23d-8d6e-4c15-9461-640249838c96,Primary Tumor,TCGA-BRCA,5aaaf8b5-a75f-4070-93e8-f5b982144638
TCGA-AN-A0FX-01A,-0.279899856551479,0.169368423897203,15,12,13b860c3-8048-4dc9-9eb0-7480bc660837,Primary Tumor,TCGA-BRCA,7d8935d4-33df-4a11-a352-e4e1acc563a4
TCGA-BH-A0BG-01A,1.7069338216254644,0.11185720906780379,15,12,4f608829-ffc4-4527-886e-6bc764ab29f5,Primary Tumor,TCGA-BRCA,742a677b-e99b-4916-bb92-3536c55ee5e3
TCGA-B6-A0IN-01A,-0.03248118591746866,0.07122197153166467,15,12,16a8d916-ad46-4690-b1a5-3b2b323f4336,Primary Tumor,TCGA-BRCA,f979b428-649b-42ac-9eae-31ff4daa7b8f
TCGA-E9-A248-01A,1.3527166085509463,0.3122751540056991,15,12,539bbbed-43fb-4fef-9c67-6406f58b186a,Primary Tumor,TCGA-BRCA,1dd5828f-8e81-4196-992f-70b8203c915f
TCGA-A2-A0ST-01A,1.8494568906764484,0.13839771864761624,15,12,12d31787-e54d-4729-ace8-9141043c92b8,Primary Tumor,TCGA-BRCA,1d15f05d-2ac2-4b83-987e-6f4b157b0b74
TCGA-A8-A06Y-01A,-1.1279181803370688,-0.994680977188145,15,12,515b1400-e896-4f2a-81bd-70895441a0bd,Primary Tumor,TCGA-BRCA,89e048e0-2bdb-4c62-9c0e-2e6e796238dd
TCGA-B6-A0IB-01A,-0.8683850778597613,-1.0591483302238414,15,12,157ec9e0-ca6e-4da1-9233-f976cf0db433,Primary Tumor,TCGA-BRCA,a127fb1e-aa3b-4b6d-98b5-c141ffba9ae7
TCGA-EW-A1P5-01A,0.6677923532301578,-0.031655169194411324,15,12,53d0af48-d7ea-42c9-8695-c614b89b415b,Primary Tumor,TCGA-BRCA,70f7e473-4a58-4186-aedd-1bab29bef4f3
TCGA-E2-A15K-01A,0.43454871431541797,-0.09379331585916158,15,12,17c1d42c-cb84-4655-a4cd-b54bae17ecaf,Primary Tumor,TCGA-BRCA,e22bc31b-332f-45a1-b17c-c747179abe61
TCGA-AN-A0FJ-01A,-1.051998834485745,-0.9287567375771059,15,12,546248b0-22a0-4b70-a437-76fb0a238a0d,Primary Tumor,TCGA-BRCA,511ca25f-0b7f-4912-9b79-ed551721a420
TCGA-BH-A18P-01A,0.5565765011638616,0.05968046608292541,15,12,557cb0a3-6f1b-4faf-8296-0a15c24158f9,Primary Tumor,TCGA-BRCA,a2f1fa8f-26d6-4b3e-8816-33f42e3f9209
TCGA-3C-AALI-01A,0.4664700501070442,-0.35908350664964944,15,12,55262fcb-1b01-4480-b322-36570430c917,Primary Tumor,TCGA-BRCA,927604f9-a38e-4c3f-b50f-3e0db4daf5ec
TCGA-E2-A159-01A,0.9319192069291737,0.49276804124087076,15,12,d7308344-5bab-4073-bb4f-4d8cd8d7bd17,Primary Tumor,TCGA-BRCA,11a64d0e-1dd1-471e-87bf-9e2a7fc13f09
TCGA-D8-A1XT-01A,0.8514290933197669,1.2481051092974618,15,12,64975923-d032-4182-8565-59fc37127d8d,Primary Tumor,TCGA-BRCA,130343f0-62f4-4400-8002-e596edb3c02a
TCGA-E2-A14Z-01A,0.8322182629006185,0.2738519985083831,15,12,d7ce6b79-f7c0-481e-9dbd-6273f01c9786,Primary Tumor,TCGA-BRCA,65bc2a34-2355-4193-b20e-439f2d7f6df2
TCGA-AR-A1AV-01A,-0.8637324796758084,0.15936253739362496,15,12,daf62b56-6dd2-4ab7-adaa-f296bb86a0a5,Primary Tumor,TCGA-BRCA,d27acb8c-2551-4ea7-8c09-f211cb4a9ec0
TCGA-C8-A8HP-01A,0.47434440968528047,-0.4909806620443337,15,12,8db69f1d-72e2-40ba-ad8a-cf228499840d,Primary Tumor,TCGA-BRCA,37af19f9-56f9-48ec-97a9-5b0b6e364293
TCGA-E9-A244-01A,-0.23991878947910683,-0.3566303693988862,15,12,a4c59287-1ad5-46a5-8040-e591e6ce064f,Primary Tumor,TCGA-BRCA,34d68427-f4e7-4c9e-97ee-c853519961fb
TCGA-AR-A0TT-01A,1.0805099692604356,0.6607829631482299,15,12,13ca97a1-75bb-4a49-b8c3-181e5b2c9e86,Primary Tumor,TCGA-BRCA,1d7e99d8-052d-491a-8088-91cb0790cb17
TCGA-BH-A1FL-01A,-0.5140553882417566,0.012056649267617884,15,12,14d1d84e-99e1-41ad-8892-3b4da3d4f948,Primary Tumor,TCGA-BRCA,ae72486a-e98c-4d72-b172-085d5b79df2c
TCGA-B6-A0X1-01A,0.8356594368498765,-0.8386356051695528,15,12,178b2c48-c07d-422e-ae17-8bcfd996ad51,Primary Tumor,TCGA-BRCA,440bdce7-eb0c-4661-b96a-e90d10e230d6
TCGA-A7-A0D9-01A,-1.4394245698592651,-0.14564489115240548,15,12,17baef7c-d97d-4b98-ab53-503ef856523d,Primary Tumor,TCGA-BRCA,69aebf68-5357-4269-84fb-ee91a6bd67fd
TCGA-A2-A0SX-01A,1.234127076505069,0.7033016475513904,15,12,18d35983-ea6a-4b70-a209-9bef37595956,Primary Tumor,TCGA-BRCA,6e112ec6-1791-4764-8a62-7ad4dfea2d3b
TCGA-EW-A1OY-01A,-0.5409030926498991,-0.7429554717720777,15,12,53ff5893-7d5e-4bcb-be9c-665fa34b7824,Primary Tumor,TCGA-BRCA,97c68557-c395-40bb-aaa3-a16514da3644
TCGA-B6-A0RL-01A,-1.2565552309703718,-1.9526467174222948,15,12,5562455d-bbb8-46eb-a510-e8c6e1e26789,Primary Tumor,TCGA-BRCA,f1934efb-1c8a-4c72-ba94-d263ef0d0cd4
TCGA-D8-A1JK-01A,1.2594370184831944,0.5327782293854234,15,12,56203436-8634-4fd0-96b5-ba6be9d87857,Primary Tumor,TCGA-BRCA,06598222-e18b-45b1-9e4b-407aa120442c
TCGA-E9-A22E-01A,0.7977313575584851,0.8322055319735959,15,12,64d4dfae-8d91-464b-adc3-80ba7caf54ae,Primary Tumor,TCGA-BRCA,c587bd27-778a-4729-b614-e0631bb3717b
TCGA-A8-A08Z-01A,-0.3803716792462458,0.9600347979526543,15,12,d7808cbc-4b8c-467b-b2c3-f48d05b9ecab,Primary Tumor,TCGA-BRCA,5b92e1c6-6265-46b5-bcf7-0c0bafe6f390
TCGA-EW-A3U0-01A,1.4466525424516197,0.639049756501055,15,12,d9dc3b59-613d-469e-8b4f-6c5a557eb26a,Primary Tumor,TCGA-BRCA,03a1a105-4856-4e5c-b537-508bdbda50b5
TCGA-D8-A27N-01A,0.32126825221554195,0.6971202955069412,15,12,d5be2ab3-f748-480d-954b-385cf01b4c81,Primary Tumor,TCGA-BRCA,f33b0d9c-486b-482d-b4a6-c2885072db7b
TCGA-E2-A14R-01A,0.9964094889738228,-0.6501091044528288,15,12,4fba3deb-db94-44b5-a0f2-a575d270779e,Primary Tumor,TCGA-BRCA,6e8e0eef-1fc8-446c-9038-3a06657784ec
TCGA-BH-A1FH-01A,-0.20730039658470212,0.8981786556280981,15,12,1783cac1-253a-40af-a9ac-48dfb20e1ab8,Primary Tumor,TCGA-BRCA,451ecdf8-433f-4d38-8ab6-3cc8d428ed95
TCGA-A7-A3IZ-01A,-1.1355402515275952,-0.6464170152329295,15,12,15ff4b02-bb69-4d24-8a07-b82f428e428d,Primary Tumor,TCGA-BRCA,0e2a0a41-fc0f-40d0-a0e7-d3eecac3cfd7
TCGA-E9-A1NG-01A,-0.05771559498643492,1.4597457354752412,15,12,659b0170-e914-45ff-aa55-fcb8d3dc7b8a,Primary Tumor,TCGA-BRCA,8e063797-856c-491a-b702-1a37ebf6b6a8
TCGA-B6-A0WS-01A,0.8216585125936062,0.3970130604741208,15,12,197741de-a098-4f04-bb37-8ea8b3bb39bc,Primary Tumor,TCGA-BRCA,c47a7c89-551d-4115-94e4-7ba4b938e88b
TCGA-BH-A0B3-01A,1.1933676832315165,0.3052314755882392,15,12,18eb4dfc-556f-4bf3-a411-4780209ed1e0,Primary Tumor,TCGA-BRCA,37939d7d-074b-42b7-8d68-95a8afef4c38
TCGA-AR-A250-01A,0.6468536734317168,1.1001087506303169,15,12,a0963e93-b63e-4de2-86c1-81302e271d3e,Primary Tumor,TCGA-BRCA,206804c1-e5be-4076-9793-406d11094266
TCGA-AR-A24P-01A,-0.2748228882211778,0.6871885813699357,15,12,d1fd8ed2-be13-4272-b31e-df86911db3b1,Primary Tumor,TCGA-BRCA,12959673-a8ec-4223-a5fe-0648276db5fc
TCGA-BH-A1EU-01A,1.0806326306785305,1.4802977248097366,15,12,a1093598-d3a8-4ffe-83fc-bc7d1faff7e5,Primary Tumor,TCGA-BRCA,c3bab823-4bf2-40ea-903c-fb342067c893
TCGA-AO-A0J2-01A,1.4656451850429886,0.12377271846823427,15,12,d2f2560c-ec80-4fea-9474-c47a2e85ea95,Primary Tumor,TCGA-BRCA,62e7008b-f4ca-40e3-88b3-7354ba2585ac
TCGA-BH-A0B8-01A,-0.8033092031329255,-0.7500946852350593,15,12,d3a75976-67d3-40fa-9f6f-cf2a3d7b773c,Primary Tumor,TCGA-BRCA,aa9179e0-a44c-440a-a150-a9d5727579ea
TCGA-A2-A0EW-01A,0.03225995660388915,0.5252426397280204,15,12,8d5fe6e8-d2cc-481f-a6a1-9cb6e7982cde,Primary Tumor,TCGA-BRCA,8d87fbd5-8ca7-4ff6-b8b1-79f098dbca9f
TCGA-AC-A6NO-01A,-0.8108671478161683,-0.22850804414997364,15,12,8d9b50d1-139b-4447-ae9c-e54764d9e2a7,Primary Tumor,TCGA-BRCA,56cc8f11-ba1c-48c9-8455-1f73640f9cf5
TCGA-BH-A0DO-01B,-0.9269053992662539,-0.5842054916776004,15,12,d3d4d709-ab34-4617-aa8c-51a3d0a3efe6,Primary Tumor,TCGA-BRCA,69bb06b6-74b3-441b-82d7-c6783aa88cdd
TCGA-A8-A096-01A,1.5296179979781495,1.3952106769405657,15,12,d7cac141-9269-4733-83ce-e1bc0b503254,Primary Tumor,TCGA-BRCA,774133e2-dfca-4918-9be9-8727fc99fe26
TCGA-AR-A256-01A,0.015362372535702237,0.0014999439669559772,15,12,d3d545b3-457f-4389-821f-704cb24aff7f,Primary Tumor,TCGA-BRCA,398fa6bf-78af-473b-8f2c-a2b3b605131f
TCGA-AO-A0JL-01A,-0.7009028064229831,-0.7813500158738321,15,12,d5d8e76e-2f2a-49bc-ba0a-d51283611b16,Primary Tumor,TCGA-BRCA,83eeba96-e3dc-44a3-846c-43dcc2ff9806
TCGA-AC-A8OS-01A,0.054216088628295585,0.23698290385646117,15,12,d5e655fe-3fbc-47b0-ba23-1d1dd01d591c,Primary Tumor,TCGA-BRCA,b2c326d7-25ab-42dc-afc2-bc93381062ea
TCGA-D8-A1JD-01A,0.1325144993264171,0.9591166247109649,15,12,530ad151-703d-4638-851f-0b5111ff318b,Primary Tumor,TCGA-BRCA,7493bcbc-658d-4789-a25c-9a990dcd44b8
TCGA-B6-A409-01A,0.1365373548630546,-0.24756978009220412,15,12,5362cbc4-cd28-4afd-a8ac-1a4c2c33cad2,Primary Tumor,TCGA-BRCA,48847088-1303-4b23-8902-c0ca4ea5ae80
TCGA-BH-A0HF-01A,-0.0044906118740449565,0.3072917090064126,15,12,17ca61a2-607a-45ff-88fa-ef72e80bf891,Primary Tumor,TCGA-BRCA,c1d62c39-f3ab-47d3-b654-8b6285cd97a3
TCGA-BH-A18K-01A,-0.33110704410269987,0.314776899410874,15,12,50619f8c-10aa-464a-a227-90a7aa6ffd43,Primary Tumor,TCGA-BRCA,c6fd0f95-d74a-49e3-9a70-fec12e63ff1a
TCGA-A2-A3Y0-01A,1.2060535093092735,0.10661388510162388,15,12,174850b4-5ec2-462b-a890-89bd1716b3c2,Primary Tumor,TCGA-BRCA,c5baa506-f18b-42d8-bafd-4e9b85e1d390
TCGA-A2-A3XV-01A,-0.7169054163335399,-0.798954587333073,15,12,189e1f27-7738-413a-a4d4-97d41d592a13,Primary Tumor,TCGA-BRCA,59f472a7-ce4f-4d3a-9193-8b3a4500d52b
TCGA-E9-A22H-01A,0.706713373223456,0.41207871475007557,15,12,161917b8-88ad-407b-ade6-d6b98478b359,Primary Tumor,TCGA-BRCA,9b03a281-22c7-4ad4-b1c8-ba7eed0e8c5b
TCGA-A1-A0SI-01A,1.1500912438104343,0.9884460341585309,15,12,16368c32-2118-4fcf-8693-6c89995e49d8,Primary Tumor,TCGA-BRCA,d5330be0-9f72-4be5-9139-8503aa4d00b4
TCGA-A2-A0CZ-01A,0.1543134590227659,0.4319167063761416,15,12,9f93ea0a-1687-44e0-9e8a-eeb4097d471c,Primary Tumor,TCGA-BRCA,36e4ffb0-0bab-4035-88f1-a181b195fce1
TCGA-BH-A8FZ-01A,0.30105475292430034,0.5245387923011737,15,12,1cc30842-4a5b-4f07-b36f-5b84ceaa5662,Primary Tumor,TCGA-BRCA,bb3c5c27-7e75-43cc-8dfd-eab290e2f9da
TCGA-E2-A15P-01A,0.021954907727860646,0.02668904899743771,15,12,a1674d7b-787a-45c4-bf16-1b7d0efce207,Primary Tumor,TCGA-BRCA,d923e06d-c747-419d-bd40-b05eb3e13edb
TCGA-E9-A243-01A,2.084125695127519,1.251750774963533,15,12,d4a1ecdc-399c-4f82-aa7a-68a0c82ded3f,Primary Tumor,TCGA-BRCA,f3746445-b2d0-4455-a6c0-46562188c056
TCGA-BH-A1FG-01A,-0.33149065321891885,-0.7834733252837484,15,12,d4e7426c-9739-4585-9114-e564b13c7c02,Primary Tumor,TCGA-BRCA,e67bbc10-91cf-406e-8d5f-8d44c77315f1
TCGA-E2-A1BC-01A,-1.5321611282901302,-0.810332774092218,15,12,d8492ebd-3d94-4a4b-8de7-386526691cc2,Primary Tumor,TCGA-BRCA,4d0dcaac-cf91-4737-931d-f308fb20df9d
TCGA-OL-A6VR-01A,-0.9386759862131789,-0.7862961575578761,15,12,db3e1ce8-4a05-4bfc-b5ae-13cf789369e1,Primary Tumor,TCGA-BRCA,95668f0b-130d-44d4-94c0-ba7a4e7798e6
TCGA-AC-A3BB-01A,0.761967475927709,0.6364667348670334,15,12,048549cf-d0a5-4743-a0a1-2004f7cc2b08,Primary Tumor,TCGA-BRCA,778642d9-e4e2-4ae8-a900-b2e663c9d5b9
TCGA-A8-A09Q-01A,0.21502255534392006,0.6181070349874082,15,12,09c2bc35-c21f-4aa4-ac30-0d8db02ad811,Primary Tumor,TCGA-BRCA,f502949f-ca10-4617-a7ee-b8f142f7ec93
TCGA-B6-A0RE-01A,-0.4747496021918606,-0.41028269857930216,15,12,08da7c4c-3067-4bcf-9d7a-78566df72e69,Primary Tumor,TCGA-BRCA,6c908d24-e571-436a-9a06-705c294ba5d7
TCGA-E2-A15E-01A,-1.1368205284247126,-0.5577868627680919,15,12,0a2a3529-f645-4967-9a58-89ee20b8bb62,Primary Tumor,TCGA-BRCA,d8a94ea1-68a3-43be-8a30-d690541a23aa
TCGA-BH-A0H7-01A,0.020755605952951384,0.5265192188323161,15,12,2021ed1f-dc75-4701-b8b8-1386466e4802,Primary Tumor,TCGA-BRCA,15f5f60a-13f0-41a2-8711-171d19c2903a
TCGA-BH-A0E0-01A,-1.7552129292634944,-1.1893730446630253,15,12,20e8106b-1290-4735-abe4-7621e08e3dc8,Primary Tumor,TCGA-BRCA,7882ff91-e415-48ae-9151-26b55f1cfc57
TCGA-A2-A3KC-01A,-0.31525770324054553,0.574607061926186,15,12,2d29a4ac-98e7-4663-9dd6-5681bc32ac2e,Primary Tumor,TCGA-BRCA,cc12e7a8-e384-47f5-94b8-3e472925cc87
TCGA-E2-A1LL-01A,-1.3699503230438175,-0.9096567296146397,15,12,2a84997d-ccee-4f46-bea2-752534f26416,Primary Tumor,TCGA-BRCA,1b98fd3e-d3e3-4ecc-9fe3-02600177efed
TCGA-BH-A18U-01A,0.31783876585001053,0.24454635316204265,15,12,233b02f3-c4f0-4a67-9db5-e68d5cdaccb6,Primary Tumor,TCGA-BRCA,1db8a1bb-fef2-4e06-9cd5-a1f6579573a5
TCGA-A8-A06Z-01A,-0.7231117201181624,-0.41852880589389496,15,12,2399caeb-ead2-4003-af38-809db4ac2e2b,Primary Tumor,TCGA-BRCA,502fcba1-9d3c-4117-86fb-70a26c090692
TCGA-A8-A0AB-01A,-1.7662972441505536,-0.20404188371199017,15,12,22eaba28-be67-4730-9846-860bc1fca29a,Primary Tumor,TCGA-BRCA,ad18b7e0-57ec-41c5-99a1-0c9d8740e0f1
TCGA-AR-A1AJ-01A,1.4961435029860832,0.8056946755552247,15,12,23e7a78a-1d56-4ad1-9bb4-72ec0178aff2,Primary Tumor,TCGA-BRCA,28ecd88f-6249-425c-99e1-9055989feff8
TCGA-A2-A0T1-01A,1.2216064509408875,0.9086351279647998,15,12,02bed00f-bef7-4fb7-b243-540354990e45,Primary Tumor,TCGA-BRCA,9d61e56d-690b-4d66-891a-f8d010d704cf
TCGA-A2-A0D1-01A,-0.9194378741768208,-0.6087269938085348,15,12,084c6aec-94f7-4090-8f3f-59fa9e89721a,Primary Tumor,TCGA-BRCA,788a4858-c6c6-4a8d-9aef-dbd32d74776b
TCGA-AO-A0JC-01A,1.635789335060219,0.18324923595722717,15,12,03565036-b6d3-432f-8d9a-7099818e0788,Primary Tumor,TCGA-BRCA,9da9a119-9f9a-4ddb-947e-97724b9fe45f
TCGA-GM-A3XL-01A,1.3724417046967052,-0.5268222368567709,15,12,65cac997-4d39-4501-85ec-4fcb328a8eb5,Primary Tumor,TCGA-BRCA,435f3fbf-5c8f-4800-bff4-3b4d5f9daf2e
TCGA-B6-A0WZ-01A,-0.6102655299007851,-0.6026739835753319,15,12,08740d7f-5a5e-4dfa-bd48-7fbf228a7a28,Primary Tumor,TCGA-BRCA,1737104f-367e-4098-a068-12f8ece492bf
TCGA-D8-A1XY-01A,-0.32904485402232153,0.5485892182856277,15,12,0130d616-885e-4a6c-9d03-2f17dd692a05,Primary Tumor,TCGA-BRCA,16b9a021-447f-44d8-a1f9-ad45edc73bc9
TCGA-S3-AA12-01A,-1.5177402619708573,-0.9773880639046384,15,12,2bcacfd1-6a45-4b96-9b80-2ad569b1ab45,Primary Tumor,TCGA-BRCA,c7f1e894-f50d-437c-ad42-4a35f531c795
TCGA-EW-A1P7-01A,1.2276028462621535,0.449867557151995,15,12,01674b2c-5cf2-478f-84a1-f69c39f47bd4,Primary Tumor,TCGA-BRCA,dbdaac00-02bf-41e0-8d54-734273e10baa
TCGA-A8-A07Z-01A,0.12834432836958495,-0.7042265966096286,15,12,a272171b-44f5-47a5-89be-7520413c01ad,Primary Tumor,TCGA-BRCA,84ab5edd-38bf-4987-b9af-fa4d1cbdef2c
TCGA-B6-A0RN-01A,-1.0811037120557938,-0.4290829587825041,15,12,2199b7a1-bd47-4bb5-b36a-a3e291e3e259,Primary Tumor,TCGA-BRCA,fdd73b76-517e-4554-ba4d-1c67b1b758f8
TCGA-LL-A5YL-01A,0.2015691821191719,-0.412093726931726,15,12,1d75e89d-4b01-443c-be54-749c7a667bf4,Primary Tumor,TCGA-BRCA,0e3cf07b-2cea-4ce7-a8f0-c8dc7d3db7a7
TCGA-A8-A0A4-01A,-0.5686679636670912,-0.3957364483260731,15,12,2cb8c866-9296-4c70-a3ea-f9a9b707895c,Primary Tumor,TCGA-BRCA,d777e8a9-92a8-48eb-bf58-8e13af99c77f
TCGA-S3-AA10-01A,1.7493460847022007,0.2740752545712739,15,12,23c31c2e-336c-4878-a476-cf8d811b4875,Primary Tumor,TCGA-BRCA,51a3cb9a-e745-49ac-af0e-3a750f9e7521
TCGA-A8-A076-01A,-0.09465100980465685,0.7466160406192693,15,12,23dabeef-8e3c-44bc-9a12-a9522d17be5c,Primary Tumor,TCGA-BRCA,391a3465-d22e-424b-af09-3e6342159bbb
TCGA-OL-A66O-01A,-0.652751761133255,-0.9485866297185986,15,12,a45833e1-7cc9-4273-b408-620f74679a12,Primary Tumor,TCGA-BRCA,589dda89-b968-4f26-b3c7-5371dfdb8a90
TCGA-AC-A3YI-01A,-0.3355263458078161,0.5249391546863282,15,12,a45d296e-efc0-479e-b2f6-bad834668cdf,Primary Tumor,TCGA-BRCA,a2f902f5-2413-4698-b53b-446df6409d61
TCGA-V7-A7HQ-01A,-1.3426298111194035,-1.3570157207591642,15,12,1285eb55-415c-494a-aa58-936f0427cdd0,Primary Tumor,TCGA-BRCA,7bcb3817-31ac-4ef5-9038-a9bfebad5869
TCGA-A2-A0T6-01A,0.4071706508522969,1.0588273521633622,15,12,08306ede-e74b-4be9-b768-7fd98647b6ac,Primary Tumor,TCGA-BRCA,a73c6624-c462-4c25-94bf-58769257c6dc
TCGA-D8-A1JC-01A,0.7944626625317028,0.6765205807865805,15,12,02e6f999-24f2-4ad2-9b92-df3ee2b082e5,Primary Tumor,TCGA-BRCA,8ced7ce3-86ec-4bc8-afce-8fcfb06d8be4
TCGA-A7-A26E-01B,-2.1016862092402637,-1.209838615436396,15,12,011b9b2d-ebe5-42bf-9662-d922faccc7a1,Primary Tumor,TCGA-BRCA,a5c799bc-1332-4127-8fda-84da04084d25
TCGA-BH-A0DX-01A,-0.045209371725327116,0.7619966100273889,15,12,035cb359-eac3-484a-9e88-3ddc739440a3,Primary Tumor,TCGA-BRCA,43820fe3-a899-4e6b-9227-27e32edaefd5
TCGA-C8-A137-01A,-1.5232701359433811,-0.4087989258561853,15,12,03ab1e9f-4918-404d-b178-3a4fd929c5e8,Primary Tumor,TCGA-BRCA,f0a63361-78bb-4a7f-9d78-31f7b2980ba2
TCGA-E9-A1N3-01A,-0.5517785429312525,-0.4655057340045832,15,12,03c143e0-d8a1-4d60-a4a3-df0501fc6b6e,Primary Tumor,TCGA-BRCA,91577462-386f-43eb-88e1-859c1d74763c
TCGA-B6-A0IJ-01A,1.568948998805792,0.26364526959714557,15,12,2c86c3ea-d926-4d39-a5ae-39ece4774287,Primary Tumor,TCGA-BRCA,0b829610-f28e-418e-b79d-d3351e13e1fe
TCGA-BH-A0B7-01A,0.4678642956113514,0.5593281866522182,15,12,214a4507-d974-4b3e-8525-7408fccc6a0f,Primary Tumor,TCGA-BRCA,b4ac6e06-8760-4cb2-883c-c829eaefdc4c
TCGA-D8-A1XZ-01A,0.37752043539713814,0.5473434756142824,15,12,2c90d5e3-ac8c-4c86-a06f-42ccc064eb49,Primary Tumor,TCGA-BRCA,621b0997-70e5-415b-8d8c-1e5f90d0d4aa
TCGA-A7-A4SA-01A,0.28125475675749706,0.0034738103001341844,15,12,a2efe7e1-aca3-440f-825f-ed621edca69f,Primary Tumor,TCGA-BRCA,e4f1f27b-24a1-4d01-af87-b2692d092d2a
TCGA-AR-A24L-01A,-0.23466900308053038,0.6846013217075066,15,12,de646f6a-6d50-4be2-b3cd-f17554b234df,Primary Tumor,TCGA-BRCA,7814e438-105f-4d5b-94fe-8c66e95585ea
TCGA-AN-A0FY-01A,-0.20778418176342722,0.47800027591362415,15,12,de75d0b9-0f47-4732-8df5-05c350cfcd32,Primary Tumor,TCGA-BRCA,e9fe2319-2624-4ac1-9c41-d0ac44608f02
TCGA-AO-A12E-01A,-0.18333460415887518,0.4328531343562428,15,12,2cbeadff-a8a3-4787-9d4e-f6b74c3ab5d9,Primary Tumor,TCGA-BRCA,afedbcf7-d427-4371-9c2a-f349b03de522
TCGA-BH-A1F0-01A,1.8102473370138434,1.5668809206902974,15,12,21ef1730-e5a7-47ce-b419-d000bb59ae15,Primary Tumor,TCGA-BRCA,0525bcb6-d206-46c8-b37d-b9b7cc90fef6
TCGA-E2-A15J-01A,-1.009571669611608,-0.42390983918394826,15,12,1fef9454-b3e8-4d9d-a9aa-aa1f1a32b80c,Primary Tumor,TCGA-BRCA,8437bf97-2354-40cf-8dc4-631c5d7ae63a
TCGA-B6-A0I6-01A,-0.8518223910478616,-0.16585824655993375,15,12,045c13ef-3db7-4adf-b0a3-23338f0479f3,Primary Tumor,TCGA-BRCA,1051db4c-40a5-4a98-a239-d96c986aa349
TCGA-LL-A7SZ-01A,0.32938260043021916,-0.5150012646378749,15,12,09a5e9fd-d816-4f8c-baa9-0e40ba607b16,Primary Tumor,TCGA-BRCA,4ed31cce-6d4f-4c79-a4e4-80eaedd1c4d2
TCGA-A8-A07W-01A,-0.20081534020076675,0.5271120904426762,15,12,01263518-5f7c-49dc-8d7e-84b0c03a6a63,Primary Tumor,TCGA-BRCA,aa89d193-05a1-4f7f-9291-b9cf646656de
TCGA-BH-AB28-01A,-0.39595704329197423,-0.047531276955344426,15,12,09d6e904-7184-4788-8a19-04f8c46cb13f,Primary Tumor,TCGA-BRCA,6c7f9fc6-3dba-4605-9f0c-d4f00095352f
TCGA-A1-A0SQ-01A,-0.9479297199261152,-0.6822673299950536,15,12,08de63a2-7b76-43c3-80dc-df748b1d81bc,Primary Tumor,TCGA-BRCA,19520ee7-658f-4e16-8a24-291beed9f0af
TCGA-GM-A3XN-01A,0.36679059520999274,0.5714140985946906,15,12,0930e97a-72ea-4bd5-b2f0-50c76af695f3,Primary Tumor,TCGA-BRCA,1a000feb-3b71-4f95-8b39-68ec25b64d96
TCGA-E2-A1IE-01A,-0.9312569171046257,-0.34368008297565805,15,12,2d0d7ff4-7866-4ae1-9cf1-a3c7f4cbe48d,Primary Tumor,TCGA-BRCA,02e08315-4d34-421c-acc0-129b1e1de38b
TCGA-A2-A0ES-01A,-0.16370582796002964,0.16967945070817084,15,12,a2934508-3daf-49e2-b14f-ed9b7693f96f,Primary Tumor,TCGA-BRCA,987d401a-3e68-414e-8067-afe277b02fad
TCGA-AC-A7VC-01A,-1.1602788119635055,0.005986341102667076,15,12,2b36853f-34d3-47c5-ba6a-e5a93233d2b1,Primary Tumor,TCGA-BRCA,aedc877a-f4b9-4657-b5c9-b7768b5751c9
TCGA-D8-A1XG-01A,-1.180327119685534,-0.5068740380198445,15,12,de531604-bd1a-49df-96c2-6de3ae703f1d,Primary Tumor,TCGA-BRCA,1eca5ea8-093a-494d-968b-2ffcfe2b4604
TCGA-BH-A0BT-01A,0.7981254471471456,-0.07501692774614045,15,12,a32cb96a-78bf-456e-a6ab-2d47b2c67ad4,Primary Tumor,TCGA-BRCA,35fd75aa-21e8-49c0-8b40-159839c3cc19
TCGA-A2-A3XY-01A,1.0881722095908921,1.1737840839010665,15,12,deba32e4-0e68-4711-941b-3b63bd965afb,Primary Tumor,TCGA-BRCA,fc9fab5b-52f0-4c79-bdf3-750c650a0fdc
TCGA-BH-A0EA-01A,-0.8529227248230188,-0.2538466593450661,15,12,1f601832-eee3-48fb-acf5-80c4a454f26e,Primary Tumor,TCGA-BRCA,9ccdf2cc-ca01-4ef7-bed9-f955fd0396c2
TCGA-A7-A26E-01A,-1.0125517981293601,-0.851338945173928,15,12,011b9b2d-ebe5-42bf-9662-d922faccc7a1,Primary Tumor,TCGA-BRCA,89409cf3-e710-47fd-af3c-6f8f0dec7c90
TCGA-B6-A0IO-01A,0.5496371131844312,-0.8647814956114201,15,12,04af44fc-c487-4005-b3cb-cb64815824a2,Primary Tumor,TCGA-BRCA,e5016a2d-c839-4962-aa12-16b6c0e1328b
TCGA-C8-A1HF-01A,1.4737368912559285,0.7958247825895732,15,12,a2453bcb-90f2-4505-949d-a89cf4bfc9b8,Primary Tumor,TCGA-BRCA,da7f48b2-3bed-4824-8de7-187d0b22f54d
TCGA-B6-A0IQ-01A,0.4865338490521795,-0.48493809624688083,15,12,01eef340-598c-4205-a990-cec190ac2ca5,Primary Tumor,TCGA-BRCA,f30b7e3e-f26d-47f7-a87f-6c1a4f074f65
TCGA-E2-A14U-01A,-0.6933015701571268,-0.8113935772992127,15,12,23b7aaea-1119-4b10-aa1a-0ae255d2f2a6,Primary Tumor,TCGA-BRCA,0081f507-b104-4214-9ea1-31dd69130991
TCGA-OL-A5RW-01A,0.10246561880591727,-0.8368766441887612,15,12,a82d0a57-4383-473d-b334-d13b278404b1,Primary Tumor,TCGA-BRCA,c441b2f1-d5ad-4aae-a37e-946579ff604f
TCGA-B6-A0X0-01A,-1.2802270354194718,-1.7754807161964363,15,12,1e68e760-a4cf-4100-bf9c-e50fa8d126f6,Primary Tumor,TCGA-BRCA,a4fc84b0-29ff-4994-b493-1102a044838d
TCGA-LD-A7W5-01A,1.1493786356876123,0.5695392907284428,15,12,a06ff6ae-b0dd-4516-a75c-0db71694b46b,Primary Tumor,TCGA-BRCA,7d1c40bf-6119-4f2b-bb33-3ba23546799f
TCGA-GI-A2C9-01A,0.13011283069059484,0.17756732423854438,15,12,9f6be944-83de-42ab-8738-f0022f475e61,Primary Tumor,TCGA-BRCA,3e0c80d6-5091-454c-ad27-eb513cf6f45d
TCGA-E2-A15H-01A,-0.7625053266377922,-0.5530594589165352,15,12,5580b21a-2cdb-4777-ad79-6e06654144f5,Primary Tumor,TCGA-BRCA,78805478-bf7a-4d7b-8c4f-15e334430efd
TCGA-EW-A2FS-01A,0.09025034031133759,-0.3775162629947006,15,12,d34471a1-b367-4f8a-b35a-c5901c4f5503,Primary Tumor,TCGA-BRCA,9dc09c86-c728-4bd9-b2b6-2d9962dad662
TCGA-C8-A130-01A,-0.1253014810209983,0.05854338851796323,15,12,8cf54607-01ce-42b0-9bd9-8627edd9f3b7,Primary Tumor,TCGA-BRCA,ed1497db-7c6f-4bd2-83ed-ee05fa286f8b
TCGA-OL-A5RV-01A,-0.9760700453745675,-0.23261804628697055,15,12,1d38d356-d126-4476-94d0-26616b9375b1,Primary Tumor,TCGA-BRCA,f1dc7a14-29f1-4fe1-bc67-01e0776d6b40
TCGA-BH-A0E7-01A,-1.1629438087066382,0.11319012789620757,15,12,d3b9d925-ae04-4721-8bfc-50b41225bc74,Primary Tumor,TCGA-BRCA,77e51e8b-b21e-458a-9d00-217baa96d771
TCGA-AC-A5XS-01A,0.5233995146855132,0.023459334114131286,15,12,d9627184-b972-4e00-8c11-b0b946ac357a,Primary Tumor,TCGA-BRCA,2a73e390-7415-486e-8d15-d9ea6ede09ba
TCGA-AC-A2QJ-01A,-0.29424092149843517,0.17006456237851686,15,12,d9fd2724-7db0-4af3-ac14-217bdfa5203f,Primary Tumor,TCGA-BRCA,a260d9e5-d88e-44eb-8431-4266c1baf68a
TCGA-A7-A426-01A,0.07590940679485211,0.3165876766696237,15,12,d48e9f25-f083-4f88-a92d-c12d9f765ba6,Primary Tumor,TCGA-BRCA,b1d29048-b913-40d9-bb58-97c107b95e8d
TCGA-AC-A2FE-01A,1.2866250876663463,0.8638443762770329,15,12,f6eebd4b-b63a-4a9c-92d3-0d954a8a6655,Primary Tumor,TCGA-BRCA,5bee33e8-6c0e-4b47-b5b4-a82bf5784d81
TCGA-A2-A04R-01A,-1.2194859163852712,-0.45474912618866464,15,12,f3a058b9-fb7f-4098-8f0e-83c2acfa1ed5,Primary Tumor,TCGA-BRCA,2fa144d0-2776-46d9-a7d4-41f68a1d3727
TCGA-D8-A1JL-01A,1.7555461415074591,1.3309057092206056,15,12,aa4244a8-0454-4247-a1c3-357fd51746fa,Primary Tumor,TCGA-BRCA,5fe2671d-4314-444b-adc1-64bbc6a85aab
TCGA-A2-A25A-01A,0.7215720781336804,1.0358058249105035,15,12,aaea5f9c-b35b-47f8-93cb-bdc7b81844ff,Primary Tumor,TCGA-BRCA,1ca86ab0-2f8a-4cd3-81b8-d19e8579b1d6
TCGA-BH-A0HX-01A,-0.4820681013349777,0.03407451835913777,15,12,3b01d064-8c00-4972-9f07-407eac8e7534,Primary Tumor,TCGA-BRCA,4ef4f9f1-7883-4fff-91c0-223cac5f1887
TCGA-AN-A0AR-01A,-1.0721685954243623,-0.7025922306076172,15,12,ebc460c2-df88-4dc0-a2c0-aca8072b75ad,Primary Tumor,TCGA-BRCA,422ef158-74dd-4a5e-88a6-5b0da33004d1
TCGA-E2-A156-01A,-2.326441226192658,-1.5721938990672173,15,12,f05d314c-5ec5-4e2a-b785-9a702716f111,Primary Tumor,TCGA-BRCA,ec9437c2-dad0-471a-bd2c-faa61846af57
TCGA-EW-A1P6-01A,-1.2599434457261502,-0.7802728002598993,15,12,ee5744c0-a8dc-43f2-abdd-0b5529a3e9fb,Primary Tumor,TCGA-BRCA,2b64d9ef-56fc-4362-99c7-d0cc6011c2a4
TCGA-A7-A56D-01A,0.09849140350251068,-0.8127903391367436,15,12,f062cbd0-2426-40ac-a4be-e74ac61fa2a7,Primary Tumor,TCGA-BRCA,430184b1-040d-4b3a-863d-1e6c71009d93
TCGA-AO-A0J6-01A,1.4430271224138491,-0.07237398579511357,15,12,e9f4f373-37a5-48ad-a1a0-b0d47820111a,Primary Tumor,TCGA-BRCA,0f0b1a31-1f88-40e0-bd25-320046de4970
TCGA-E9-A1ND-01A,1.4994827381205589,0.41600650059591926,15,12,f06f09f3-8133-4a92-ac86-fbe64295e0d8,Primary Tumor,TCGA-BRCA,98320692-9c1c-4ed3-9ea1-72f098c03049
TCGA-BH-A0DK-01A,0.728709779418003,0.6206839562459762,15,12,f2bbfa9d-9a9d-4f46-9fde-378e4c44e2ad,Primary Tumor,TCGA-BRCA,a629c407-5141-454c-bb69-ba7e58d1febc
TCGA-B6-A0WW-01A,-0.44657498846929794,-0.7535393949444017,15,12,f02931f8-d72a-481d-b532-8b141dab115f,Primary Tumor,TCGA-BRCA,e4732dd4-002a-4b37-9a56-d01d551e9cc3
TCGA-BH-A0EB-01A,0.6840405801782261,0.6131851891282991,15,12,ec6930e5-2d83-435a-9a57-a2c5c22caf02,Primary Tumor,TCGA-BRCA,ddb7443e-0dda-40f1-9652-adc025804c85
TCGA-GM-A2DL-01A,-0.4778557185643002,0.21265383428300613,15,12,a76774fe-7298-4d68-a2b2-c1bad93f0c31,Primary Tumor,TCGA-BRCA,3396edba-0d2a-4485-ad0a-5114b38c1abe
TCGA-E2-A158-01A,-0.17517554348266232,-0.990660335059031,15,12,a6edb6ca-ae9f-4da7-8ebe-92d83d2987fb,Primary Tumor,TCGA-BRCA,27f4c9d4-d6ba-4fea-9f0b-fb06066e69a8
TCGA-EW-A1J1-01A,0.8331925481567014,0.20193589294792888,15,12,ed6cef77-1bd9-4e3b-b576-550a91e4253a,Primary Tumor,TCGA-BRCA,86ce8513-c2a6-4b5c-9811-904f0eee21a0
TCGA-A2-A1G4-01A,-0.6377380022664557,-0.1861551246411193,15,12,e3b555aa-7f0a-49c6-9b13-182c61a144c1,Primary Tumor,TCGA-BRCA,871d28f4-09d5-4f16-8c29-4aa7d247f3e3
TCGA-E9-A3QA-01A,1.7166882876360998,0.3743640588247501,15,12,f3cb557d-23e4-4fd1-81ca-db1a3f56d56e,Primary Tumor,TCGA-BRCA,d67d6fbf-50fa-485e-8ac7-a3c7ac33b3b2
TCGA-A2-A0YG-01A,-0.2381079987477855,-0.17630663035130703,15,12,c0892598-1f7b-4f23-9cd8-731f797753d5,Primary Tumor,TCGA-BRCA,cc7f30ec-5369-45ec-80cb-68534838a655
TCGA-A1-A0SE-01A,-0.46213137749544597,-0.11642389467765642,15,12,c397e6c2-ba3a-4f5e-a258-c140611192fe,Primary Tumor,TCGA-BRCA,f66aace4-01a4-4def-8e71-26d9aaf13d49
TCGA-E9-A1RF-01A,0.9682359364204138,0.4783732944467541,15,12,c694615c-b1c6-499c-8058-995633ebf948,Primary Tumor,TCGA-BRCA,e0bd84f0-9524-4bd2-aa92-7205357596e5
TCGA-A2-A25F-01A,2.125169713479255,1.4662203184403069,15,12,c836951b-3ffb-4e20-8504-0eccb7d50dd4,Primary Tumor,TCGA-BRCA,4d27c8ac-375b-414a-8f88-75092f03bdd8
TCGA-A1-A0SD-01A,0.09463603907072662,0.21184219017281783,15,12,c462e422-eb8d-4daf-9897-2a9c6cbd783a,Primary Tumor,TCGA-BRCA,3b9e620f-a661-4a1d-ac46-ab4c56a4b241
TCGA-A2-A0CX-01A,0.3191741536799882,0.19904772777563662,15,12,c744fc13-3aca-4245-9e24-abd368cc8bef,Primary Tumor,TCGA-BRCA,3bb2e240-9cea-4dd2-be32-6bc6976a79b1
TCGA-AR-A0TZ-01A,-0.48076625836255116,0.43375685651463275,15,12,c7c34fd9-3021-45b7-b6ff-30b4196585a8,Primary Tumor,TCGA-BRCA,9765934d-d954-485c-abfe-b9db59f18193
TCGA-BH-A0AZ-01A,-0.13791420366361665,0.42621275715728935,15,12,518f231c-f5f9-4a39-a97b-7fd5666d3e50,Primary Tumor,TCGA-BRCA,5dfadec2-3a10-40a9-99be-4984e917ba88
TCGA-EW-A1P4-01A,1.7060904357253137,0.2267600576175037,15,12,521e2140-ae5b-456f-8699-97398d009687,Primary Tumor,TCGA-BRCA,86b68671-beef-4a15-aabb-89d79396fd9d
TCGA-A7-A5ZW-01A,-0.0523800040760744,0.2677906377703345,15,12,523e24a2-51b9-4658-be2f-42e5fccebb17,Primary Tumor,TCGA-BRCA,c9bc7edd-c545-4d76-9246-1bfa043a966c
TCGA-AO-A1KT-01A,-0.3524465980742015,0.43655259289588505,15,12,1f8f87cb-8a0b-474c-97fb-c71b4fd88d97,Primary Tumor,TCGA-BRCA,23304266-b28c-4ff2-8dcf-bb18f56417b4
TCGA-E9-A1RE-01A,-0.7471392386599128,0.08104564987738545,15,12,24046547-d038-4616-b190-52ac93f4965f,Primary Tumor,TCGA-BRCA,d889e5ea-58f5-4d2f-ad1e-6ab5d3217642
TCGA-A1-A0SJ-01A,-0.42492596045212977,-0.020875455660385844,15,12,a2db9dd1-44d5-48b5-817c-a21a85fadb21,Primary Tumor,TCGA-BRCA,09385f52-e4ad-4ae0-9f09-91e8dd5fc953
TCGA-EW-A1P3-01A,-0.7140534102902871,-0.3723100690442735,15,12,1ff85ada-3cdd-4afb-b311-2c7befb52702,Primary Tumor,TCGA-BRCA,7fadaf69-2a7b-4eca-aec9-c2f2b43eab3c
TCGA-D8-A27F-01A,-0.36949720105103145,0.6941082542156507,15,12,1549dc64-3dab-43fc-96e9-b07d520957e1,Primary Tumor,TCGA-BRCA,ac88a5c1-caae-4b08-87bc-0dedbe61d996
TCGA-D8-A13Y-01A,-1.4481658491868328,-0.8476388193949878,15,12,17f275c1-a0d4-487d-8f02-ea279584b4cd,Primary Tumor,TCGA-BRCA,4c2a67aa-54ef-405d-a498-45c1790380da
TCGA-A2-A04V-01A,-0.6358280631690973,0.09632526966381154,15,12,64f67506-f2df-4f0a-b7be-29b4949e986a,Primary Tumor,TCGA-BRCA,136df0c2-a2a4-42e9-9cc6-9051d4f4c13d
TCGA-AN-A0XO-01A,-0.8509184625813625,-0.0843763275748148,15,12,195b6731-6ae6-416e-a345-0eb8874a0ca2,Primary Tumor,TCGA-BRCA,41e96cc6-43d5-4eea-bbd3-23fb389d5532
TCGA-A2-A04N-01A,-0.7275606573099709,0.16120950351562247,15,12,197428f7-bd77-4c5f-8119-87157b5c35b9,Primary Tumor,TCGA-BRCA,45bf52c6-b1a3-4f01-8345-a224fc195e18
TCGA-E2-A14Y-01A,-0.22660704303657872,-0.8514022718159825,15,12,a0576d44-9add-429b-9eeb-f7b234b7385f,Primary Tumor,TCGA-BRCA,67347e29-6d43-4234-8b04-188be7e6440b
TCGA-B6-A0I5-01A,-0.7147779542967362,-0.6592043124137424,15,12,1a18974d-967c-4727-b42e-12ae7be66589,Primary Tumor,TCGA-BRCA,4004cdd0-51fa-4330-bd03-5448f6c7b787
TCGA-S3-A6ZG-01A,0.07262041046565428,-0.07651260507444603,15,12,1a679332-30a3-4495-a2e5-39d299e14333,Primary Tumor,TCGA-BRCA,f9418a79-3614-41a1-8ab0-c2b4313c6fd4
TCGA-E2-A1LK-01A,-0.8725554647209931,-1.391448431179677,15,12,1d27253f-b036-44e7-a04d-8da5bbf57419,Primary Tumor,TCGA-BRCA,189f1a1b-96d6-4cb9-9000-001e08dca1ba
TCGA-AR-A1AW-01A,1.7195421453354747,0.8499695523698126,15,12,a12fd22a-7f84-4b6e-b6d8-012e38eb73d7,Primary Tumor,TCGA-BRCA,c1f6f39f-db8f-4449-bfb2-d1f3f2a95d22
TCGA-AR-A24Z-01A,0.034118738010212486,0.3038305604636636,15,12,9fefbe7c-f66a-4940-843e-285cb7b392c1,Primary Tumor,TCGA-BRCA,4b558a24-b10c-4d59-a921-10e6a3a9fb35
TCGA-AC-A7VB-01A,-0.5046162874244167,-0.7495828237678284,15,12,56230e4a-29ca-4f37-a0f9-730dbdfb6fa2,Primary Tumor,TCGA-BRCA,fe7c2cdd-7c3f-4d76-ad78-2a676116f464
TCGA-B6-A400-01A,0.29593150631339454,0.6483817389263283,15,12,d9a1c06f-7b50-46b0-878e-89e8c31863ae,Primary Tumor,TCGA-BRCA,ee39aea6-23f8-470f-863c-545ef6c5ea77
TCGA-BH-A0HQ-01A,-0.8643898297876138,-0.15679618054024436,15,12,f31c21b6-0f7f-435b-9e24-97c909755c36,Primary Tumor,TCGA-BRCA,cf801232-8aa2-4ede-80b0-8c5b9876941b
TCGA-AO-A0JF-01A,0.0017612657207203924,0.7580333353880936,15,12,f357fe19-5359-4662-8ce9-aa996132283b,Primary Tumor,TCGA-BRCA,a9b5ab37-10c2-4fb6-9c4e-3fcd5ea26526
TCGA-AR-A5QQ-01A,0.9987268931487755,0.26837063349297763,15,12,3af31fcf-ad0c-4fd9-a8e3-10f9176b5e9d,Primary Tumor,TCGA-BRCA,f55eb7a0-34e6-4d0d-9427-7d7896ddf060
TCGA-AR-A1AX-01A,1.204377081940577,0.4527775632038853,15,12,f72c1d69-da35-459f-8542-59bfd6c09c23,Primary Tumor,TCGA-BRCA,4c46a463-f0e3-4e19-ad95-5dab0231d1c6
TCGA-D8-A1X5-01A,-0.24554797100762238,0.1730280441052897,15,12,eb93df3d-9e25-4e4c-9a5d-350f296e5acf,Primary Tumor,TCGA-BRCA,26466526-2d6e-4869-a06a-c33344e5fab2
TCGA-D8-A73W-01A,0.02431485857558767,0.3912894319542879,15,12,ea8dbc7a-54c6-469c-865e-f49d00b0223d,Primary Tumor,TCGA-BRCA,94ae90d4-16a8-4922-b6b6-e5fcec9d0ae6
TCGA-E2-A1IH-01A,1.02486555838068,0.9917492002333871,15,12,ec0155ab-1b14-498d-8fa9-9f63e3ccb990,Primary Tumor,TCGA-BRCA,1581b466-9502-491e-828b-dd9b721690cb
TCGA-E2-A109-01A,0.07262226324235063,0.34890699130467806,15,12,f0787165-6f58-4d67-b510-928eea2c4882,Primary Tumor,TCGA-BRCA,eea8e274-7b23-444d-999d-1741d7a928d2
TCGA-C8-A27B-01A,1.5130514933594734,0.32791292342421197,15,12,f0d8a1fe-e313-44f1-99cc-b965cbeeff0e,Primary Tumor,TCGA-BRCA,4ec56a4e-a3ce-4511-a517-199e2a535b1a
TCGA-E2-A15O-01A,-0.7917420313461463,-0.6888385794112754,15,12,eafa45a4-2fd1-4fa3-860c-9d52ed382b7d,Primary Tumor,TCGA-BRCA,99502a82-c77e-482b-8589-82d9ef82d5d1
TCGA-A2-A4RX-01A,-0.504202828768314,0.16899333180458898,15,12,d111c4ab-b39a-4a7c-8d8e-cb342bc10627,Primary Tumor,TCGA-BRCA,4382bb60-997e-4a1a-9cdb-3d8738806379
TCGA-A8-A06R-01A,0.39896029893149637,0.5954232901194667,15,12,f3ba71f9-25f3-4784-bf2d-3aa522a0cba8,Primary Tumor,TCGA-BRCA,fb32f0b1-4fb7-43d5-8091-dc13a1f6d9e8
TCGA-BH-A1FU-01A,-0.2784423542055317,0.47493896996266294,15,12,c348a9b3-c901-4384-a222-144387bac0c5,Primary Tumor,TCGA-BRCA,90eefb33-6808-45c3-9ab1-6eca0decdc9d
TCGA-E9-A3Q9-01A,0.28986729934980815,-0.4500433936165902,15,12,e36e985d-2c44-4e14-854a-7dbca4bb0304,Primary Tumor,TCGA-BRCA,59c3cb45-ca6e-40ad-a3f0-9b496b934aa5
TCGA-AR-A0TX-01A,1.1394399479134132,0.6926627117190315,15,12,c364e81c-eb1e-4870-ab37-9c661f5f2e3d,Primary Tumor,TCGA-BRCA,eb166054-ff70-4a86-883b-9c25a7d2b0e5
TCGA-AN-A03Y-01A,-0.17816278613363365,-0.2418883834886634,15,12,a991644b-3ee6-4cda-acf0-e37de48a49fc,Primary Tumor,TCGA-BRCA,3eb2d652-73f5-41c0-bf73-f40e85e1ecae
TCGA-E2-A15D-01A,-0.15990023162143663,0.08843639778831051,15,12,c85f080a-1075-41df-959f-1b514a11b3c4,Primary Tumor,TCGA-BRCA,cc7ea1eb-4947-4030-ace5-673e9441a9a8
TCGA-GM-A5PX-01A,-0.43472118925872116,-0.21376710798597656,15,12,f7064d01-29d8-49a2-ad60-1e0c5f148f3e,Primary Tumor,TCGA-BRCA,578022ab-5178-4440-8996-73e8826dd74d
TCGA-E2-A1L8-01A,0.1620239403951115,-0.0023025127594401007,15,12,eebad74f-5961-4e91-b0eb-157a2f6f952b,Primary Tumor,TCGA-BRCA,0f1cf3a6-6e68-440a-9744-85e44d88b61f
TCGA-LL-A5YN-01A,1.0425157246073673,-0.49861031194401767,15,12,ef1b3332-cd7f-41bb-a2d3-2538e7becc5c,Primary Tumor,TCGA-BRCA,cdf2bc60-591c-4219-bf96-40dd8b6c8459
TCGA-AC-A3OD-01B,-0.741473413905869,-1.1747583949246685,15,12,f2622cdb-ac92-42b3-a1ca-67e133c3dd4a,Primary Tumor,TCGA-BRCA,ce53c8d2-5655-4fde-b134-1ef5a269e569
TCGA-E2-A1LG-01A,0.8296080713603307,-1.442634999731364,15,12,ef4cbd38-bc79-4d60-a715-647edd2ebe9e,Primary Tumor,TCGA-BRCA,1b8dddf2-89d9-43aa-84c7-1d18e8865106
TCGA-S3-A6ZH-01A,0.0693245405442877,-0.21673639119940993,15,12,ec461eaf-f5cb-4225-a9a0-59d8e6c17ea6,Primary Tumor,TCGA-BRCA,659f84a0-df18-44a4-8b82-ebaec356153d
TCGA-E2-A107-01A,-0.7126213449946802,-0.6179500491311921,15,12,eff2360e-399a-4167-ab2b-798e27bef739,Primary Tumor,TCGA-BRCA,9e4b6ad6-99f7-4244-8f1b-20b7b36c457f
TCGA-GM-A2DA-01A,-0.22547801369154455,-1.0257311583520556,15,12,c07b122e-ac50-4db2-add2-5617a5d0e976,Primary Tumor,TCGA-BRCA,90452523-0f9a-4c14-9d5f-e44f7079fb18
TCGA-AC-A2QI-01A,0.28230787378242195,0.7073028897664191,15,12,c57835be-77ab-4cf5-9b23-62c11a7b2eaf,Primary Tumor,TCGA-BRCA,d2e2915c-125e-45c6-b7f3-6a815b3d2859
TCGA-AC-A2FO-01A,0.5082494638972421,0.5254711470113246,15,12,f5d4c2d3-cc69-4b38-8551-0917e3622a68,Primary Tumor,TCGA-BRCA,586d9c21-e58a-4171-9755-30c0e8b16293
TCGA-AO-A03P-01A,-0.1057585090158322,-0.29553028626448813,15,12,2d4c778c-7f77-4f0a-8261-2086accf15fd,Primary Tumor,TCGA-BRCA,50e8fce6-5775-41d6-bcaa-73773db999e2
TCGA-EW-A1IZ-01A,1.4843865305986974,-0.2840711521127314,15,12,c0f88fc5-56b0-4255-bbd1-9a21ced8b37b,Primary Tumor,TCGA-BRCA,9c55de9c-a13e-4772-9a5d-4cde38f75cf3
TCGA-AO-A129-01A,0.9014615167173755,-0.07234418458940313,15,12,c70ee5e1-4703-4996-bb5c-f4cca0fb53ba,Primary Tumor,TCGA-BRCA,bdef0c66-0755-4581-b813-87c8512754ba
TCGA-AR-A1AM-01A,0.021858399246795,0.24758701551286197,15,12,ebd1512a-4865-4193-97b3-f599d555759a,Primary Tumor,TCGA-BRCA,37bf6454-a4e7-4e00-9562-57ba6fd58b6d
TCGA-OL-A66N-01A,-0.4017503367201373,-0.1989083081812463,15,12,e9002f4e-ba0b-4738-9368-dd9614a5da8a,Primary Tumor,TCGA-BRCA,ccd1dcec-f3c1-42ca-b3e8-a73a7d2237ff
TCGA-A8-A099-01A,-0.27292669986276114,-0.12565852246896692,15,12,e98b69bc-766a-485f-b5e8-9166b8d457b3,Primary Tumor,TCGA-BRCA,072cae2e-f4c1-4a3f-85e1-6f7e35a65108
TCGA-E2-A14W-01A,-1.389643891441097,-1.1887167883707683,15,12,eadb0562-2165-4adb-ad58-018e73f82780,Primary Tumor,TCGA-BRCA,04024f75-7405-4ccc-8976-91d0a3035b3a
TCGA-A7-A4SC-01A,-0.6458109211039278,-0.13367373816587033,15,12,ec0ab947-9341-4fff-bda4-fdfb9434d508,Primary Tumor,TCGA-BRCA,a217c1ab-e2cb-487c-982a-8241da38272f
TCGA-E2-A2P5-01A,-0.06735187530331746,-0.27276977579880657,15,12,f0de67ff-8967-4fce-9c12-0e07193285cd,Primary Tumor,TCGA-BRCA,526d750f-3cab-4379-9b3e-1b7f9fa84528
TCGA-A7-A0DB-01C,-2.342488795200029,-1.5111815063100595,15,12,f130f376-5801-40f9-975d-a7e2f7b5670d,Primary Tumor,TCGA-BRCA,c89590e8-8b74-4c05-a022-e21eab5cffdd
TCGA-EW-A1P1-01A,0.09709871808915546,0.47075563412558186,15,12,f2e28af9-c40e-41c4-9e82-205cca38f26a,Primary Tumor,TCGA-BRCA,d0654d2d-37ef-4d93-996e-c68cfedea376
TCGA-E2-A576-01A,-0.5292544326752736,-1.0950302848728661,15,12,f04dca9e-409b-4300-b11d-12243e5d361d,Primary Tumor,TCGA-BRCA,469c052c-d2c8-4626-af1c-7276653168fe
TCGA-E2-A15F-01A,-0.6292563469285916,-0.38248941790675367,15,12,ec77a23d-84f5-47e4-bf2a-fa1c03baf3db,Primary Tumor,TCGA-BRCA,15e249cf-4c45-4006-84fd-899f9927e376
TCGA-BH-A0BP-01A,-0.8180680676222908,-0.12505852422175712,15,12,f251cb6c-d18e-4691-9c82-24ed1ac0abf9,Primary Tumor,TCGA-BRCA,14edb678-3b6c-4a58-aabf-0f9d1f7d9bdc
TCGA-AN-A0XR-01A,-0.4743289888520358,-0.6527841186171333,15,12,f51af6db-2655-47fb-9ffc-83a503a728ea,Primary Tumor,TCGA-BRCA,fd7a6cfc-0ebe-4b79-b93d-d70b9bf533bc
TCGA-A2-A3XS-01A,0.10742254791926982,0.20346777577710304,15,12,a78b04b4-2380-4803-963e-e4e633cd69ab,Primary Tumor,TCGA-BRCA,14979d31-e8b1-4948-beea-f913dfefa200
TCGA-AC-A23G-01A,-0.6927153302099747,0.07564468166252192,15,12,a721dac6-0126-476c-b2d4-2dbf7406454b,Primary Tumor,TCGA-BRCA,89ece3f8-e2db-4ed6-b5b8-dd4df34d6224
TCGA-EW-A1PD-01A,-0.9323586231049907,0.5202729517319772,15,12,4dfc233b-ed03-4825-8089-e04cdee99996,Primary Tumor,TCGA-BRCA,de5e449b-bc57-4836-89e4-73a3ba24abdf
TCGA-A8-A08X-01A,-0.007510637599018919,0.24384391775048495,15,12,f5539207-6534-4edc-a5a5-7666b5d16ba4,Primary Tumor,TCGA-BRCA,12f8a326-1417-478e-a45e-abdff8b44266
TCGA-AQ-A1H2-01A,0.2800311093673037,-0.02444756106743103,15,12,4d120899-9a80-4736-b097-285e9e261bcb,Primary Tumor,TCGA-BRCA,7915bbbc-7e5b-4439-bea4-12fc7f639d6d
TCGA-EW-A1OW-01A,0.13519241479986113,0.041716511460436645,15,12,f55dd73d-8c36-440b-84e5-9aae53107775,Primary Tumor,TCGA-BRCA,7b738087-65b1-4c6e-94c4-d0ba6bb17098
TCGA-D8-A1JH-01A,0.2539796356129268,1.151140347945137,15,12,4d1bf9e6-5837-4aed-b568-92f014ed5a4b,Primary Tumor,TCGA-BRCA,793d3caa-8353-4536-83e5-711215bd51e9
TCGA-AR-A1AT-01A,0.6532646149834067,0.1182284863868925,15,12,4d26dada-5eb7-4d4e-8eb8-f5465c5c3428,Primary Tumor,TCGA-BRCA,fb397586-1b5b-40e0-a885-8663f9c76f6d
TCGA-AR-A2LK-01A,-0.6254424950956671,0.28401240644655906,15,12,1b703058-e596-45bc-80fe-8b98d545c2e2,Primary Tumor,TCGA-BRCA,5d875fca-d1ff-4c08-9dfa-0f1e67dc586b
TCGA-A8-A09A-01A,-0.18773343482594662,0.048421534944257445,15,12,b205bba0-1870-4458-9088-8817e20389fe,Primary Tumor,TCGA-BRCA,762adf07-6d7a-4d02-98fb-16fffd548a93
TCGA-A8-A09V-01A,-1.0777732785168594,-0.07091176154310355,15,12,cc348a26-ee11-47a4-8b51-de922967e175,Primary Tumor,TCGA-BRCA,1300bf72-ead0-4c03-b140-fca26302b43c
TCGA-5T-A9QA-01A,-1.0177885836599585,-2.0496485087771124,15,12,2fd36838-5a83-433e-ac80-b1f77448e5aa,Primary Tumor,TCGA-BRCA,635084ad-0b62-4217-bc6f-e2a8c1326aee
TCGA-BH-A203-01A,0.4631884665064931,0.19485246045032267,15,12,b3264748-947a-43aa-b227-b294fbcc8447,Primary Tumor,TCGA-BRCA,4bf6ebc1-575d-49e4-9f66-068b537373c0
TCGA-E2-A1IL-01A,-0.438802013073955,-0.518987009143587,15,12,b63391a0-73f8-4544-9e94-f6529245ca2a,Primary Tumor,TCGA-BRCA,26caf8b1-0202-4656-9bb9-4a80ffc94118
TCGA-AN-A03X-01A,-0.9850925258139237,-0.28640971288422,15,12,88cd6ccc-70f7-436e-a99c-039b9d31e335,Primary Tumor,TCGA-BRCA,a2837f64-2441-4d31-befc-514f8526b1f7
TCGA-E9-A2JT-01A,0.9231500457882394,-0.5840669923470091,15,12,b35fbe19-0e6d-427e-b9be-ee3527b5fca6,Primary Tumor,TCGA-BRCA,d144a154-2dcb-484f-b50d-1b65ab9eb19e
TCGA-WT-AB41-01A,0.6126975326762552,-1.3609974130028972,15,12,e7db08a7-b439-4230-8dc4-1b54af4736c4,Primary Tumor,TCGA-BRCA,679ba4c3-49da-47d1-bef2-ce25fd862758
TCGA-A8-A07C-01A,0.571745998784305,0.27744403363372655,15,12,b6633c36-7ce4-4b69-9bf6-30b64d46c66f,Primary Tumor,TCGA-BRCA,d9ea5bde-aa1a-4210-976f-b2f67c6d0191
TCGA-B6-A1KF-01A,-1.8326955485578091,-0.8112517209785026,15,12,f30eb65f-fb44-4062-ac39-a38d072f655f,Primary Tumor,TCGA-BRCA,0fef4f4a-1c4e-4035-acff-af12febbaf1e
TCGA-D8-A140-01A,0.24216957914248635,-0.08621479094670709,15,12,2585edbd-3488-4100-a4ab-a161252a31ee,Primary Tumor,TCGA-BRCA,f5e5f153-f422-4c2a-ae54-fc11f416c637
TCGA-E2-A152-01A,-0.5617612010865898,0.5416822311443922,15,12,a8015490-9740-45c9-8bd2-eb6d1beefc2e,Primary Tumor,TCGA-BRCA,1936440a-9cfc-4b04-af40-3fbc22fe87f6
TCGA-AC-A5EH-01A,-0.10105465010413704,0.36929950685996027,15,12,d13fb44b-291b-4ea4-920c-142daa8d1989,Primary Tumor,TCGA-BRCA,99367019-5583-4bcc-aa62-25916515fe17
TCGA-E2-A106-01A,-0.7660788671829232,-0.5523724624357481,15,12,87e09544-eddb-473b-8617-212407ce644e,Primary Tumor,TCGA-BRCA,bc0a4326-63d2-4ec4-9af6-7b421aa8aa49
TCGA-AN-A0XN-01A,-0.3230940902735296,0.8080944047478961,15,12,4e3699da-4367-4a43-9d66-a117d3ad460d,Primary Tumor,TCGA-BRCA,1341b934-ead3-4c4a-bd84-09084895fa83
TCGA-A2-A0SU-01A,-0.27557780614214406,-0.31808430024667517,15,12,c632675e-e8af-43cd-8744-5be3754c1c14,Primary Tumor,TCGA-BRCA,055f6138-ea7a-468d-90c2-87a473486867
TCGA-E9-A5FL-01A,-0.8430999003196068,-0.5015947752539557,15,12,e3935ce4-64d3-4a66-ba11-d308b844b410,Primary Tumor,TCGA-BRCA,c1f3f326-e99f-4811-9665-d15d6d8a1c33
TCGA-E9-A1NI-01A,-0.8776896470791293,-0.0447344693367339,15,12,c65b835a-2d38-4250-a173-0780d2c2cf58,Primary Tumor,TCGA-BRCA,56a26df4-d9c1-4f43-bb44-8afd34eea927
TCGA-OL-A5D6-01A,-0.896767189380847,0.22641564808066716,15,12,c3a981c7-f148-4252-bd50-af8a49ec0df8,Primary Tumor,TCGA-BRCA,ff5f8ada-17c5-497e-9182-63a05e3ab4c5
TCGA-AO-A1KO-01A,-0.805066841455703,-0.30519047826653106,15,12,c25898b4-eb33-42f4-bf3f-bf532a929e7d,Primary Tumor,TCGA-BRCA,d240cdef-e1a3-481f-a0d5-895d7cc5cabd
TCGA-E9-A1RG-01A,-0.17115182081318045,-0.28845978653838056,15,12,8744733a-7b46-43aa-bdef-64876816adbb,Primary Tumor,TCGA-BRCA,83707590-e4c8-4e06-98d5-f6c5dc710d1b
TCGA-D8-A1X8-01A,-0.07435588345449329,0.4056653363039267,15,12,8624354c-af25-423c-9c71-48a5dd821097,Primary Tumor,TCGA-BRCA,18022491-5c13-4a17-aed9-ea85e1088267
TCGA-C8-A1HE-01A,-0.3007307182919042,0.12289293591734725,15,12,b26d41cd-393b-4cd4-8925-a9488f7de576,Primary Tumor,TCGA-BRCA,5223fb98-dd63-4c20-a7c0-02e0b13ccb33
TCGA-A7-A13D-01B,-1.9059419538962825,-0.900248125252643,15,12,8785012f-f73e-4d68-87cf-1d804af32782,Primary Tumor,TCGA-BRCA,bf6e2b60-d65b-4963-8e8e-49ab3f93c3e1
TCGA-AN-A04A-01A,-0.2623521942539716,0.37798527277630695,15,12,e5aae05a-478e-4a55-a27c-12b2b4be302a,Primary Tumor,TCGA-BRCA,1ace2a0c-773d-45b5-8fd6-968c88731bbb
TCGA-BH-A18H-01A,1.081539754465704,0.01644393637441686,15,12,878f975b-94fd-4d69-b7e7-1ed3ac2ee438,Primary Tumor,TCGA-BRCA,744a6d3d-b666-49aa-8d26-47f34e3d1eb5
TCGA-EW-A1PB-01A,1.9401526110255718,0.09901572054869444,15,12,88db1340-e4bf-451a-87c0-6e9168296f5e,Primary Tumor,TCGA-BRCA,2081a155-9d2d-41f6-b243-68a12e9b342a
TCGA-A8-A07B-01A,-1.2887051101314093,-0.8827354122167144,15,12,b43e41af-1d82-4b5f-b8f1-add0510e6b86,Primary Tumor,TCGA-BRCA,cee943a8-ea26-4b2f-b8a4-66300ccacfb5
TCGA-AR-A0TP-01A,-1.547108206241566,-0.5617257845278072,15,12,ab89bb2e-da84-4116-a8cd-49aad7bbfd4d,Primary Tumor,TCGA-BRCA,95f4620f-f9b0-4533-bb13-f412d774244a
TCGA-AC-A2FM-01A,-0.9359495776117107,-0.12116177291242088,15,12,b6b1dc9a-91f4-4b0a-afd5-62c9a90c0d5e,Primary Tumor,TCGA-BRCA,d32a2386-8747-4f9f-84b2-130a2c948342
TCGA-AO-A0J4-01A,1.3390057696234328,0.5977868355635655,15,12,a9b7d7fe-be31-4f71-afee-c1bfdf511888,Primary Tumor,TCGA-BRCA,7fa9ad2e-67a7-449f-be73-9e18dc46b529
TCGA-A7-A26I-01A,-0.41787886638451244,0.6623673277916997,15,12,b2ecbc0f-2c30-4200-8d5e-7b95424bcadb,Primary Tumor,TCGA-BRCA,3e5dce7b-3f1e-4b43-b83e-8c0fc654e9c4
TCGA-E9-A1NH-01A,-0.40354685974854065,0.3916740256192444,15,12,b2aac45b-2073-4c7a-adb9-769a4fdcc111,Primary Tumor,TCGA-BRCA,11e658a7-64e3-47ac-8993-eea0d17fc949
TCGA-BH-A202-01A,1.1068314647980801,0.5576200403779161,15,12,e7a00d67-2c26-4d1f-bd17-35f659e88bc1,Primary Tumor,TCGA-BRCA,6a89e8a2-577e-4531-98e8-ba6fc6cfe525
TCGA-E2-A14P-01A,0.07879006127521332,-0.5371635761041544,15,12,e4fc0909-f284-4471-866d-d8967b6adcbc,Primary Tumor,TCGA-BRCA,4ecc1f1a-8ff4-4552-a5e8-7a9652b6d1d5
TCGA-EW-A2FV-01A,1.015424924785344,0.49036526220881127,15,12,f45aa0b2-f3de-4db5-9730-e5c6c4e2ed3a,Primary Tumor,TCGA-BRCA,4d2cc90a-574f-4184-9a1c-86af222e9bb6
TCGA-A2-A04T-01A,0.766877415666297,-0.2933467542922035,15,12,b58ad350-5140-4fa8-bc2c-24bca8395f3a,Primary Tumor,TCGA-BRCA,a701ab46-0745-4f23-8723-df5846e8806f
TCGA-A7-A26I-01B,-1.4171612296190126,-0.1249633819142012,15,12,b2ecbc0f-2c30-4200-8d5e-7b95424bcadb,Primary Tumor,TCGA-BRCA,148fc636-0b7b-4f10-b513-45edcf71a79e
TCGA-D8-A1XW-01A,0.6485570797698188,1.1146488001593227,15,12,887b9e5b-99db-44ac-9c30-c0dc6877b41c,Primary Tumor,TCGA-BRCA,e7789185-2581-4846-bafd-8b920edc0973
TCGA-GM-A2DD-01A,0.9786776070697886,0.4442439617136633,15,12,b343bfe0-7c23-4c6a-8c84-9ee39db2ecda,Primary Tumor,TCGA-BRCA,e3cfb618-5ed2-4841-b7c1-a9f049ac8f9d
TCGA-BH-A1FJ-01A,-0.6787427120179783,-0.29171386382438763,15,12,f6581eee-61b9-43d4-ab0d-ce5ce3ba1c74,Primary Tumor,TCGA-BRCA,8f4d34b3-5dd0-4ff2-b017-0cfa6e5c5f6b
TCGA-A8-A07L-01A,-1.022574528714827,0.10697290074703236,15,12,e89a9deb-6321-4e61-b412-b4993d4277dd,Primary Tumor,TCGA-BRCA,59d61414-a337-4e45-9e89-4526dde82786
TCGA-BH-A18R-01A,-0.053593533342838375,-0.008781452244639007,15,12,f6e1ec78-5ad9-4879-9b7e-262d17b166ad,Primary Tumor,TCGA-BRCA,373e0f41-a47e-4f4e-88fe-9703d16a840c
TCGA-A8-A090-01A,0.14360002828386195,0.1629826887875048,15,12,f4b69043-4a67-48e3-a4d1-72a21ae2d175,Primary Tumor,TCGA-BRCA,812eeeed-1222-4add-b6d1-f53ae2669218
TCGA-E9-A5FK-01A,1.45729482166537,-0.14223461988219846,15,12,b304302a-f2b9-4cd7-ab14-c21edf7778ea,Primary Tumor,TCGA-BRCA,da29bf10-4629-4234-8e49-43a4513fe579
TCGA-BH-A0RX-01A,1.388756496489048,0.3045642727187669,15,12,e828455d-4680-41b2-8a1c-1582e3790d62,Primary Tumor,TCGA-BRCA,77f150b1-5f40-442d-91c5-6d3571513513
TCGA-E2-A1AZ-01A,0.12280723614787395,-0.23264054985375993,15,12,89128dba-403f-4a96-bb3b-23ed0d5e2147,Primary Tumor,TCGA-BRCA,ed797859-4d7e-40e6-bae3-54ef15ad0f0a
TCGA-EW-A6SA-01A,-1.4694922870886482,-0.7990725627520631,15,12,aba5f46a-e67a-4cd2-9c52-c0686968ff04,Primary Tumor,TCGA-BRCA,9b5bdd89-05ac-4cde-beee-66739a903939
TCGA-AO-A12B-01A,-0.389572981363864,-0.9560039048522189,15,12,f6ed684f-ee7a-496c-80d5-6eacd494d16a,Primary Tumor,TCGA-BRCA,3782bc2e-5a29-4380-9b44-735ca1ac8896
